word	nodeType	synsetCount	unit	count
-	ADJ	0	04x26_-_A_Little_Story_From_The_Past__My_Name_Is_Doppio_	1
about	ADJ	8	04x26_-_A_Little_Story_From_The_Past__My_Name_Is_Doppio_	4
actual	ADJ	5	04x26_-_A_Little_Story_From_The_Past__My_Name_Is_Doppio_	1
adorable	ADJ	1	04x26_-_A_Little_Story_From_The_Past__My_Name_Is_Doppio_	1
alive	ADJ	7	04x26_-_A_Little_Story_From_The_Past__My_Name_Is_Doppio_	2
annoying	ADJ	3	04x26_-_A_Little_Story_From_The_Past__My_Name_Is_Doppio_	1
bad	ADJ	17	04x26_-_A_Little_Story_From_The_Past__My_Name_Is_Doppio_	4
beautiful	ADJ	2	04x26_-_A_Little_Story_From_The_Past__My_Name_Is_Doppio_	3
believable	ADJ	1	04x26_-_A_Little_Story_From_The_Past__My_Name_Is_Doppio_	1
big	ADJ	17	04x26_-_A_Little_Story_From_The_Past__My_Name_Is_Doppio_	1
broad	ADJ	9	04x26_-_A_Little_Story_From_The_Past__My_Name_Is_Doppio_	1
careful	ADJ	5	04x26_-_A_Little_Story_From_The_Past__My_Name_Is_Doppio_	1
certain	ADJ	7	04x26_-_A_Little_Story_From_The_Past__My_Name_Is_Doppio_	1
cheap	ADJ	4	04x26_-_A_Little_Story_From_The_Past__My_Name_Is_Doppio_	1
close	ADJ	37	04x26_-_A_Little_Story_From_The_Past__My_Name_Is_Doppio_	7
cowardly	ADJ	1	04x26_-_A_Little_Story_From_The_Past__My_Name_Is_Doppio_	1
dangerous	ADJ	2	04x26_-_A_Little_Story_From_The_Past__My_Name_Is_Doppio_	1
dark	ADJ	16	04x26_-_A_Little_Story_From_The_Past__My_Name_Is_Doppio_	1
dead	ADJ	21	04x26_-_A_Little_Story_From_The_Past__My_Name_Is_Doppio_	1
deceased	ADJ	3	04x26_-_A_Little_Story_From_The_Past__My_Name_Is_Doppio_	1
different	ADJ	5	04x26_-_A_Little_Story_From_The_Past__My_Name_Is_Doppio_	1
dumbass	ADJ	1	04x26_-_A_Little_Story_From_The_Past__My_Name_Is_Doppio_	1
excellent	ADJ	1	04x26_-_A_Little_Story_From_The_Past__My_Name_Is_Doppio_	1
extra	ADJ	7	04x26_-_A_Little_Story_From_The_Past__My_Name_Is_Doppio_	1
fake	ADJ	8	04x26_-_A_Little_Story_From_The_Past__My_Name_Is_Doppio_	1
fine	ADJ	10	04x26_-_A_Little_Story_From_The_Past__My_Name_Is_Doppio_	1
friggin	ADJ	0	04x26_-_A_Little_Story_From_The_Past__My_Name_Is_Doppio_	2
glad	ADJ	5	04x26_-_A_Little_Story_From_The_Past__My_Name_Is_Doppio_	2
good	ADJ	27	04x26_-_A_Little_Story_From_The_Past__My_Name_Is_Doppio_	9
great	ADJ	7	04x26_-_A_Little_Story_From_The_Past__My_Name_Is_Doppio_	1
hard	ADJ	22	04x26_-_A_Little_Story_From_The_Past__My_Name_Is_Doppio_	1
hot	ADJ	21	04x26_-_A_Little_Story_From_The_Past__My_Name_Is_Doppio_	1
important	ADJ	5	04x26_-_A_Little_Story_From_The_Past__My_Name_Is_Doppio_	2
impossible	ADJ	4	04x26_-_A_Little_Story_From_The_Past__My_Name_Is_Doppio_	1
inside	ADJ	10	04x26_-_A_Little_Story_From_The_Past__My_Name_Is_Doppio_	2
interested	ADJ	5	04x26_-_A_Little_Story_From_The_Past__My_Name_Is_Doppio_	1
internal	ADJ	5	04x26_-_A_Little_Story_From_The_Past__My_Name_Is_Doppio_	8
intriguing	ADJ	4	04x26_-_A_Little_Story_From_The_Past__My_Name_Is_Doppio_	1
left	ADJ	24	04x26_-_A_Little_Story_From_The_Past__My_Name_Is_Doppio_	2
li'l	ADJ	0	04x26_-_A_Little_Story_From_The_Past__My_Name_Is_Doppio_	1
little	ADJ	10	04x26_-_A_Little_Story_From_The_Past__My_Name_Is_Doppio_	3
main	ADJ	5	04x26_-_A_Little_Story_From_The_Past__My_Name_Is_Doppio_	41
many	ADJ	1	04x26_-_A_Little_Story_From_The_Past__My_Name_Is_Doppio_	1
more	ADJ	5	04x26_-_A_Little_Story_From_The_Past__My_Name_Is_Doppio_	2
much	ADJ	7	04x26_-_A_Little_Story_From_The_Past__My_Name_Is_Doppio_	2
murderous	ADJ	1	04x26_-_A_Little_Story_From_The_Past__My_Name_Is_Doppio_	1
next	ADJ	4	04x26_-_A_Little_Story_From_The_Past__My_Name_Is_Doppio_	1
nice	ADJ	6	04x26_-_A_Little_Story_From_The_Past__My_Name_Is_Doppio_	1
open	ADJ	36	04x26_-_A_Little_Story_From_The_Past__My_Name_Is_Doppio_	1
own	ADJ	2	04x26_-_A_Little_Story_From_The_Past__My_Name_Is_Doppio_	1
pregnant	ADJ	3	04x26_-_A_Little_Story_From_The_Past__My_Name_Is_Doppio_	2
ranged	ADJ	8	04x26_-_A_Little_Story_From_The_Past__My_Name_Is_Doppio_	1
remote	ADJ	6	04x26_-_A_Little_Story_From_The_Past__My_Name_Is_Doppio_	1
right	ADJ	36	04x26_-_A_Little_Story_From_The_Past__My_Name_Is_Doppio_	5
satisfied	ADJ	5	04x26_-_A_Little_Story_From_The_Past__My_Name_Is_Doppio_	1
second	ADJ	15	04x26_-_A_Little_Story_From_The_Past__My_Name_Is_Doppio_	1
separate	ADJ	19	04x26_-_A_Little_Story_From_The_Past__My_Name_Is_Doppio_	1
serious	ADJ	6	04x26_-_A_Little_Story_From_The_Past__My_Name_Is_Doppio_	1
simple	ADJ	9	04x26_-_A_Little_Story_From_The_Past__My_Name_Is_Doppio_	1
single	ADJ	10	04x26_-_A_Little_Story_From_The_Past__My_Name_Is_Doppio_	1
slow	ADJ	11	04x26_-_A_Little_Story_From_The_Past__My_Name_Is_Doppio_	1
small	ADJ	13	04x26_-_A_Little_Story_From_The_Past__My_Name_Is_Doppio_	1
sorry	ADJ	4	04x26_-_A_Little_Story_From_The_Past__My_Name_Is_Doppio_	1
sparkling	ADJ	7	04x26_-_A_Little_Story_From_The_Past__My_Name_Is_Doppio_	1
strange	ADJ	3	04x26_-_A_Little_Story_From_The_Past__My_Name_Is_Doppio_	4
strong	ADJ	10	04x26_-_A_Little_Story_From_The_Past__My_Name_Is_Doppio_	1
sure	ADJ	10	04x26_-_A_Little_Story_From_The_Past__My_Name_Is_Doppio_	3
suspicious	ADJ	2	04x26_-_A_Little_Story_From_The_Past__My_Name_Is_Doppio_	1
true	ADJ	15	04x26_-_A_Little_Story_From_The_Past__My_Name_Is_Doppio_	3
unguarded	ADJ	2	04x26_-_A_Little_Story_From_The_Past__My_Name_Is_Doppio_	1
unyielding	ADJ	2	04x26_-_A_Little_Story_From_The_Past__My_Name_Is_Doppio_	1
whole	ADJ	8	04x26_-_A_Little_Story_From_The_Past__My_Name_Is_Doppio_	1
wrong	ADJ	13	04x26_-_A_Little_Story_From_The_Past__My_Name_Is_Doppio_	1
young	ADJ	14	04x26_-_A_Little_Story_From_The_Past__My_Name_Is_Doppio_	1
\c&h&\c&hfcc&}rumble	ADJ	0	04x34_-_The_Requiem_Quietly_Plays__Part_1	1
able	ADJ	4	04x34_-_The_Requiem_Quietly_Plays__Part_1	6
about	ADJ	8	04x34_-_The_Requiem_Quietly_Plays__Part_1	1
arduous	ADJ	3	04x34_-_The_Requiem_Quietly_Plays__Part_1	1
asleep	ADJ	5	04x34_-_The_Requiem_Quietly_Plays__Part_1	5
bad	ADJ	17	04x34_-_The_Requiem_Quietly_Plays__Part_1	3
berserk	ADJ	2	04x34_-_The_Requiem_Quietly_Plays__Part_1	3
big	ADJ	17	04x34_-_The_Requiem_Quietly_Plays__Part_1	1
certain	ADJ	7	04x34_-_The_Requiem_Quietly_Plays__Part_1	1
clear	ADJ	45	04x34_-_The_Requiem_Quietly_Plays__Part_1	2
close	ADJ	37	04x34_-_The_Requiem_Quietly_Plays__Part_1	2
closed	ADJ	26	04x34_-_The_Requiem_Quietly_Plays__Part_1	1
dead	ADJ	21	04x34_-_The_Requiem_Quietly_Plays__Part_1	2
deep	ADJ	21	04x34_-_The_Requiem_Quietly_Plays__Part_1	1
elastic	ADJ	4	04x34_-_The_Requiem_Quietly_Plays__Part_1	1
elite	ADJ	2	04x34_-_The_Requiem_Quietly_Plays__Part_1	1
enough	ADJ	3	04x34_-_The_Requiem_Quietly_Plays__Part_1	1
eternal	ADJ	2	04x34_-_The_Requiem_Quietly_Plays__Part_1	1
female	ADJ	5	04x34_-_The_Requiem_Quietly_Plays__Part_1	1
few	ADJ	2	04x34_-_The_Requiem_Quietly_Plays__Part_1	1
fine	ADJ	10	04x34_-_The_Requiem_Quietly_Plays__Part_1	1
firm	ADJ	14	04x34_-_The_Requiem_Quietly_Plays__Part_1	1
first	ADJ	16	04x34_-_The_Requiem_Quietly_Plays__Part_1	1
full	ADJ	13	04x34_-_The_Requiem_Quietly_Plays__Part_1	2
good	ADJ	27	04x34_-_The_Requiem_Quietly_Plays__Part_1	1
great	ADJ	7	04x34_-_The_Requiem_Quietly_Plays__Part_1	1
gross	ADJ	10	04x34_-_The_Requiem_Quietly_Plays__Part_1	1
hairy	ADJ	2	04x34_-_The_Requiem_Quietly_Plays__Part_1	1
important	ADJ	5	04x34_-_The_Requiem_Quietly_Plays__Part_1	2
impossible	ADJ	4	04x34_-_The_Requiem_Quietly_Plays__Part_1	1
insignificant	ADJ	4	04x34_-_The_Requiem_Quietly_Plays__Part_1	1
internal	ADJ	5	04x34_-_The_Requiem_Quietly_Plays__Part_1	1
irresponsible	ADJ	1	04x34_-_The_Requiem_Quietly_Plays__Part_1	1
itchy	ADJ	2	04x34_-_The_Requiem_Quietly_Plays__Part_1	2
left	ADJ	24	04x34_-_The_Requiem_Quietly_Plays__Part_1	2
li'l	ADJ	0	04x34_-_The_Requiem_Quietly_Plays__Part_1	3
little	ADJ	10	04x34_-_The_Requiem_Quietly_Plays__Part_1	1
main	ADJ	5	04x34_-_The_Requiem_Quietly_Plays__Part_1	35
malformed	ADJ	1	04x34_-_The_Requiem_Quietly_Plays__Part_1	1
mere	ADJ	3	04x34_-_The_Requiem_Quietly_Plays__Part_1	1
mista	ADJ	0	04x34_-_The_Requiem_Quietly_Plays__Part_1	1
more	ADJ	5	04x34_-_The_Requiem_Quietly_Plays__Part_1	1
much	ADJ	7	04x34_-_The_Requiem_Quietly_Plays__Part_1	2
mysterious	ADJ	2	04x34_-_The_Requiem_Quietly_Plays__Part_1	1
next	ADJ	4	04x34_-_The_Requiem_Quietly_Plays__Part_1	1
normal	ADJ	5	04x34_-_The_Requiem_Quietly_Plays__Part_1	2
okay	ADJ	4	04x34_-_The_Requiem_Quietly_Plays__Part_1	1
old	ADJ	9	04x34_-_The_Requiem_Quietly_Plays__Part_1	2
only	ADJ	9	04x34_-_The_Requiem_Quietly_Plays__Part_1	1
other	ADJ	4	04x34_-_The_Requiem_Quietly_Plays__Part_1	3
own	ADJ	2	04x34_-_The_Requiem_Quietly_Plays__Part_1	1
precise	ADJ	2	04x34_-_The_Requiem_Quietly_Plays__Part_1	1
refreshed	ADJ	5	04x34_-_The_Requiem_Quietly_Plays__Part_1	1
right	ADJ	36	04x34_-_The_Requiem_Quietly_Plays__Part_1	2
second	ADJ	15	04x34_-_The_Requiem_Quietly_Plays__Part_1	1
single	ADJ	10	04x34_-_The_Requiem_Quietly_Plays__Part_1	1
slight	ADJ	5	04x34_-_The_Requiem_Quietly_Plays__Part_1	1
small	ADJ	13	04x34_-_The_Requiem_Quietly_Plays__Part_1	1
strange	ADJ	3	04x34_-_The_Requiem_Quietly_Plays__Part_1	3
sure	ADJ	10	04x34_-_The_Requiem_Quietly_Plays__Part_1	2
surprised	ADJ	4	04x34_-_The_Requiem_Quietly_Plays__Part_1	1
tight	ADJ	16	04x34_-_The_Requiem_Quietly_Plays__Part_1	1
trivial	ADJ	3	04x34_-_The_Requiem_Quietly_Plays__Part_1	3
true	ADJ	15	04x34_-_The_Requiem_Quietly_Plays__Part_1	2
unbelievable	ADJ	2	04x34_-_The_Requiem_Quietly_Plays__Part_1	1
weird	ADJ	3	04x34_-_The_Requiem_Quietly_Plays__Part_1	1
wet	ADJ	9	04x34_-_The_Requiem_Quietly_Plays__Part_1	1
wrong	ADJ	13	04x34_-_The_Requiem_Quietly_Plays__Part_1	3
able	ADJ	4	04x05_-_Find_Polpo_s_Fortune__-_Let_s_Find_Polpo_s_Fortune_	1
alive	ADJ	7	04x05_-_Find_Polpo_s_Fortune__-_Let_s_Find_Polpo_s_Fortune_	5
amazing	ADJ	4	04x05_-_Find_Polpo_s_Fortune__-_Let_s_Find_Polpo_s_Fortune_	1
anxious	ADJ	2	04x05_-_Find_Polpo_s_Fortune__-_Let_s_Find_Polpo_s_Fortune_	1
autopsy	ADJ	2	04x05_-_Find_Polpo_s_Fortune__-_Let_s_Find_Polpo_s_Fortune_	1
awesome	ADJ	1	04x05_-_Find_Polpo_s_Fortune__-_Let_s_Find_Polpo_s_Fortune_	2
bad	ADJ	17	04x05_-_Find_Polpo_s_Fortune__-_Let_s_Find_Polpo_s_Fortune_	2
believable	ADJ	1	04x05_-_Find_Polpo_s_Fortune__-_Let_s_Find_Polpo_s_Fortune_	1
big	ADJ	17	04x05_-_Find_Polpo_s_Fortune__-_Let_s_Find_Polpo_s_Fortune_	1
careful	ADJ	5	04x05_-_Find_Polpo_s_Fortune__-_Let_s_Find_Polpo_s_Fortune_	1
cautious	ADJ	3	04x05_-_Find_Polpo_s_Fortune__-_Let_s_Find_Polpo_s_Fortune_	1
certain	ADJ	7	04x05_-_Find_Polpo_s_Fortune__-_Let_s_Find_Polpo_s_Fortune_	1
clear	ADJ	45	04x05_-_Find_Polpo_s_Fortune__-_Let_s_Find_Polpo_s_Fortune_	1
close	ADJ	37	04x05_-_Find_Polpo_s_Fortune__-_Let_s_Find_Polpo_s_Fortune_	4
considerate	ADJ	1	04x05_-_Find_Polpo_s_Fortune__-_Let_s_Find_Polpo_s_Fortune_	1
correct	ADJ	12	04x05_-_Find_Polpo_s_Fortune__-_Let_s_Find_Polpo_s_Fortune_	3
crazy	ADJ	6	04x05_-_Find_Polpo_s_Fortune__-_Let_s_Find_Polpo_s_Fortune_	1
dead	ADJ	21	04x05_-_Find_Polpo_s_Fortune__-_Let_s_Find_Polpo_s_Fortune_	4
depressed	ADJ	8	04x05_-_Find_Polpo_s_Fortune__-_Let_s_Find_Polpo_s_Fortune_	1
double	ADJ	21	04x05_-_Find_Polpo_s_Fortune__-_Let_s_Find_Polpo_s_Fortune_	1
fatty	ADJ	2	04x05_-_Find_Polpo_s_Fortune__-_Let_s_Find_Polpo_s_Fortune_	1
favorite	ADJ	5	04x05_-_Find_Polpo_s_Fortune__-_Let_s_Find_Polpo_s_Fortune_	1
fine	ADJ	10	04x05_-_Find_Polpo_s_Fortune__-_Let_s_Find_Polpo_s_Fortune_	3
freakin	ADJ	0	04x05_-_Find_Polpo_s_Fortune__-_Let_s_Find_Polpo_s_Fortune_	1
free	ADJ	22	04x05_-_Find_Polpo_s_Fortune__-_Let_s_Find_Polpo_s_Fortune_	1
good	ADJ	27	04x05_-_Find_Polpo_s_Fortune__-_Let_s_Find_Polpo_s_Fortune_	3
hard	ADJ	22	04x05_-_Find_Polpo_s_Fortune__-_Let_s_Find_Polpo_s_Fortune_	3
helpless	ADJ	3	04x05_-_Find_Polpo_s_Fortune__-_Let_s_Find_Polpo_s_Fortune_	1
hilarious	ADJ	1	04x05_-_Find_Polpo_s_Fortune__-_Let_s_Find_Polpo_s_Fortune_	1
hot	ADJ	21	04x05_-_Find_Polpo_s_Fortune__-_Let_s_Find_Polpo_s_Fortune_	1
impatient	ADJ	2	04x05_-_Find_Polpo_s_Fortune__-_Let_s_Find_Polpo_s_Fortune_	1
impossible	ADJ	4	04x05_-_Find_Polpo_s_Fortune__-_Let_s_Find_Polpo_s_Fortune_	1
internal	ADJ	5	04x05_-_Find_Polpo_s_Fortune__-_Let_s_Find_Polpo_s_Fortune_	1
last	ADJ	21	04x05_-_Find_Polpo_s_Fortune__-_Let_s_Find_Polpo_s_Fortune_	2
left	ADJ	24	04x05_-_Find_Polpo_s_Fortune__-_Let_s_Find_Polpo_s_Fortune_	1
little	ADJ	10	04x05_-_Find_Polpo_s_Fortune__-_Let_s_Find_Polpo_s_Fortune_	1
main	ADJ	5	04x05_-_Find_Polpo_s_Fortune__-_Let_s_Find_Polpo_s_Fortune_	20
many	ADJ	1	04x05_-_Find_Polpo_s_Fortune__-_Let_s_Find_Polpo_s_Fortune_	2
much	ADJ	7	04x05_-_Find_Polpo_s_Fortune__-_Let_s_Find_Polpo_s_Fortune_	3
mysterious	ADJ	2	04x05_-_Find_Polpo_s_Fortune__-_Let_s_Find_Polpo_s_Fortune_	1
new	ADJ	12	04x05_-_Find_Polpo_s_Fortune__-_Let_s_Find_Polpo_s_Fortune_	1
nice	ADJ	6	04x05_-_Find_Polpo_s_Fortune__-_Let_s_Find_Polpo_s_Fortune_	2
old	ADJ	9	04x05_-_Find_Polpo_s_Fortune__-_Let_s_Find_Polpo_s_Fortune_	3
only	ADJ	9	04x05_-_Find_Polpo_s_Fortune__-_Let_s_Find_Polpo_s_Fortune_	1
other	ADJ	4	04x05_-_Find_Polpo_s_Fortune__-_Let_s_Find_Polpo_s_Fortune_	4
own	ADJ	2	04x05_-_Find_Polpo_s_Fortune__-_Let_s_Find_Polpo_s_Fortune_	4
particular	ADJ	9	04x05_-_Find_Polpo_s_Fortune__-_Let_s_Find_Polpo_s_Fortune_	1
perfect	ADJ	5	04x05_-_Find_Polpo_s_Fortune__-_Let_s_Find_Polpo_s_Fortune_	1
possible	ADJ	4	04x05_-_Find_Polpo_s_Fortune__-_Let_s_Find_Polpo_s_Fortune_	1
ready	ADJ	8	04x05_-_Find_Polpo_s_Fortune__-_Let_s_Find_Polpo_s_Fortune_	1
real	ADJ	13	04x05_-_Find_Polpo_s_Fortune__-_Let_s_Find_Polpo_s_Fortune_	1
respectful	ADJ	2	04x05_-_Find_Polpo_s_Fortune__-_Let_s_Find_Polpo_s_Fortune_	1
right	ADJ	36	04x05_-_Find_Polpo_s_Fortune__-_Let_s_Find_Polpo_s_Fortune_	5
rough	ADJ	18	04x05_-_Find_Polpo_s_Fortune__-_Let_s_Find_Polpo_s_Fortune_	1
sad	ADJ	3	04x05_-_Find_Polpo_s_Fortune__-_Let_s_Find_Polpo_s_Fortune_	1
safe	ADJ	7	04x05_-_Find_Polpo_s_Fortune__-_Let_s_Find_Polpo_s_Fortune_	1
same	ADJ	6	04x05_-_Find_Polpo_s_Fortune__-_Let_s_Find_Polpo_s_Fortune_	1
scared	ADJ	4	04x05_-_Find_Polpo_s_Fortune__-_Let_s_Find_Polpo_s_Fortune_	1
second	ADJ	15	04x05_-_Find_Polpo_s_Fortune__-_Let_s_Find_Polpo_s_Fortune_	1
secret	ADJ	14	04x05_-_Find_Polpo_s_Fortune__-_Let_s_Find_Polpo_s_Fortune_	3
shitty	ADJ	1	04x05_-_Find_Polpo_s_Fortune__-_Let_s_Find_Polpo_s_Fortune_	1
sorry	ADJ	4	04x05_-_Find_Polpo_s_Fortune__-_Let_s_Find_Polpo_s_Fortune_	1
special	ADJ	10	04x05_-_Find_Polpo_s_Fortune__-_Let_s_Find_Polpo_s_Fortune_	1
strong	ADJ	10	04x05_-_Find_Polpo_s_Fortune__-_Let_s_Find_Polpo_s_Fortune_	2
stupid	ADJ	4	04x05_-_Find_Polpo_s_Fortune__-_Let_s_Find_Polpo_s_Fortune_	6
such	ADJ	2	04x05_-_Find_Polpo_s_Fortune__-_Let_s_Find_Polpo_s_Fortune_	1
sudden	ADJ	1	04x05_-_Find_Polpo_s_Fortune__-_Let_s_Find_Polpo_s_Fortune_	1
sure	ADJ	10	04x05_-_Find_Polpo_s_Fortune__-_Let_s_Find_Polpo_s_Fortune_	7
sweet	ADJ	16	04x05_-_Find_Polpo_s_Fortune__-_Let_s_Find_Polpo_s_Fortune_	2
trustworthy	ADJ	2	04x05_-_Find_Polpo_s_Fortune__-_Let_s_Find_Polpo_s_Fortune_	1
untrustworthy	ADJ	1	04x05_-_Find_Polpo_s_Fortune__-_Let_s_Find_Polpo_s_Fortune_	1
worth	ADJ	5	04x05_-_Find_Polpo_s_Fortune__-_Let_s_Find_Polpo_s_Fortune_	3
wrong	ADJ	13	04x05_-_Find_Polpo_s_Fortune__-_Let_s_Find_Polpo_s_Fortune_	4
young	ADJ	14	04x05_-_Find_Polpo_s_Fortune__-_Let_s_Find_Polpo_s_Fortune_	1
\c&h&\c&hc&}rumble	ADJ	0	04x35_-_The_Requiem_Quietly_Plays__Part_2	1
\shad\fad(,)}jean	ADJ	0	04x35_-_The_Requiem_Quietly_Plays__Part_2	1
able	ADJ	4	04x35_-_The_Requiem_Quietly_Plays__Part_2	4
authentic	ADJ	2	04x35_-_The_Requiem_Quietly_Plays__Part_2	1
awake	ADJ	3	04x35_-_The_Requiem_Quietly_Plays__Part_2	2
back	ADJ	28	04x35_-_The_Requiem_Quietly_Plays__Part_2	1
bad	ADJ	17	04x35_-_The_Requiem_Quietly_Plays__Part_2	1
berserk	ADJ	2	04x35_-_The_Requiem_Quietly_Plays__Part_2	2
bizarre	ADJ	1	04x35_-_The_Requiem_Quietly_Plays__Part_2	1
black	ADJ	22	04x35_-_The_Requiem_Quietly_Plays__Part_2	1
close	ADJ	37	04x35_-_The_Requiem_Quietly_Plays__Part_2	4
coincidental	ADJ	1	04x35_-_The_Requiem_Quietly_Plays__Part_2	1
cold	ADJ	16	04x35_-_The_Requiem_Quietly_Plays__Part_2	1
correct	ADJ	12	04x35_-_The_Requiem_Quietly_Plays__Part_2	1
dear	ADJ	8	04x35_-_The_Requiem_Quietly_Plays__Part_2	1
defensive	ADJ	3	04x35_-_The_Requiem_Quietly_Plays__Part_2	1
difficult	ADJ	2	04x35_-_The_Requiem_Quietly_Plays__Part_2	1
dominant	ADJ	5	04x35_-_The_Requiem_Quietly_Plays__Part_2	1
dumb	ADJ	4	04x35_-_The_Requiem_Quietly_Plays__Part_2	1
empty	ADJ	10	04x35_-_The_Requiem_Quietly_Plays__Part_2	5
eternal	ADJ	2	04x35_-_The_Requiem_Quietly_Plays__Part_2	1
few	ADJ	2	04x35_-_The_Requiem_Quietly_Plays__Part_2	1
first	ADJ	16	04x35_-_The_Requiem_Quietly_Plays__Part_2	1
glad	ADJ	5	04x35_-_The_Requiem_Quietly_Plays__Part_2	1
hot	ADJ	21	04x35_-_The_Requiem_Quietly_Plays__Part_2	1
impossible	ADJ	4	04x35_-_The_Requiem_Quietly_Plays__Part_2	2
inconceivable	ADJ	1	04x35_-_The_Requiem_Quietly_Plays__Part_2	1
invincible	ADJ	1	04x35_-_The_Requiem_Quietly_Plays__Part_2	1
left	ADJ	24	04x35_-_The_Requiem_Quietly_Plays__Part_2	1
li'l	ADJ	0	04x35_-_The_Requiem_Quietly_Plays__Part_2	1
main	ADJ	5	04x35_-_The_Requiem_Quietly_Plays__Part_2	24
more	ADJ	5	04x35_-_The_Requiem_Quietly_Plays__Part_2	2
most	ADJ	5	04x35_-_The_Requiem_Quietly_Plays__Part_2	1
multiple	ADJ	2	04x35_-_The_Requiem_Quietly_Plays__Part_2	1
okay	ADJ	4	04x35_-_The_Requiem_Quietly_Plays__Part_2	2
old	ADJ	9	04x35_-_The_Requiem_Quietly_Plays__Part_2	1
only	ADJ	9	04x35_-_The_Requiem_Quietly_Plays__Part_2	1
other	ADJ	4	04x35_-_The_Requiem_Quietly_Plays__Part_2	2
own	ADJ	2	04x35_-_The_Requiem_Quietly_Plays__Part_2	1
physical	ADJ	7	04x35_-_The_Requiem_Quietly_Plays__Part_2	1
possible	ADJ	4	04x35_-_The_Requiem_Quietly_Plays__Part_2	4
right	ADJ	36	04x35_-_The_Requiem_Quietly_Plays__Part_2	2
safe	ADJ	7	04x35_-_The_Requiem_Quietly_Plays__Part_2	1
same	ADJ	6	04x35_-_The_Requiem_Quietly_Plays__Part_2	1
separate	ADJ	19	04x35_-_The_Requiem_Quietly_Plays__Part_2	2
slow	ADJ	11	04x35_-_The_Requiem_Quietly_Plays__Part_2	1
split	ADJ	18	04x35_-_The_Requiem_Quietly_Plays__Part_2	1
sudden	ADJ	1	04x35_-_The_Requiem_Quietly_Plays__Part_2	1
sure	ADJ	10	04x35_-_The_Requiem_Quietly_Plays__Part_2	4
traumatic	ADJ	2	04x35_-_The_Requiem_Quietly_Plays__Part_2	1
vital	ADJ	4	04x35_-_The_Requiem_Quietly_Plays__Part_2	1
weak	ADJ	12	04x35_-_The_Requiem_Quietly_Plays__Part_2	1
wrong	ADJ	13	04x35_-_The_Requiem_Quietly_Plays__Part_2	3
able	ADJ	4	04x38_-_Gold_Experience_Requiem_-_Golden_Wind_Requiem	1
absolute	ADJ	6	04x38_-_Gold_Experience_Requiem_-_Golden_Wind_Requiem	1
alive	ADJ	7	04x38_-_Gold_Experience_Requiem_-_Golden_Wind_Requiem	3
autopsy	ADJ	2	04x38_-_Gold_Experience_Requiem_-_Golden_Wind_Requiem	1
bad	ADJ	17	04x38_-_Gold_Experience_Requiem_-_Golden_Wind_Requiem	2
big	ADJ	17	04x38_-_Gold_Experience_Requiem_-_Golden_Wind_Requiem	1
bitter	ADJ	12	04x38_-_Gold_Experience_Requiem_-_Golden_Wind_Requiem	1
blue	ADJ	16	04x38_-_Gold_Experience_Requiem_-_Golden_Wind_Requiem	1
careful	ADJ	5	04x38_-_Gold_Experience_Requiem_-_Golden_Wind_Requiem	1
convincing	ADJ	2	04x38_-_Gold_Experience_Requiem_-_Golden_Wind_Requiem	1
culinary	ADJ	1	04x38_-_Gold_Experience_Requiem_-_Golden_Wind_Requiem	1
damn	ADJ	5	04x38_-_Gold_Experience_Requiem_-_Golden_Wind_Requiem	1
dangerous	ADJ	2	04x38_-_Gold_Experience_Requiem_-_Golden_Wind_Requiem	1
dead	ADJ	21	04x38_-_Gold_Experience_Requiem_-_Golden_Wind_Requiem	1
deep	ADJ	21	04x38_-_Gold_Experience_Requiem_-_Golden_Wind_Requiem	1
delicious	ADJ	3	04x38_-_Gold_Experience_Requiem_-_Golden_Wind_Requiem	1
disgusting	ADJ	3	04x38_-_Gold_Experience_Requiem_-_Golden_Wind_Requiem	2
drunk	ADJ	9	04x38_-_Gold_Experience_Requiem_-_Golden_Wind_Requiem	1
enough	ADJ	3	04x38_-_Gold_Experience_Requiem_-_Golden_Wind_Requiem	1
few	ADJ	2	04x38_-_Gold_Experience_Requiem_-_Golden_Wind_Requiem	1
fine	ADJ	10	04x38_-_Gold_Experience_Requiem_-_Golden_Wind_Requiem	1
flat	ADJ	24	04x38_-_Gold_Experience_Requiem_-_Golden_Wind_Requiem	1
free	ADJ	22	04x38_-_Gold_Experience_Requiem_-_Golden_Wind_Requiem	1
full	ADJ	13	04x38_-_Gold_Experience_Requiem_-_Golden_Wind_Requiem	1
golden	ADJ	6	04x38_-_Gold_Experience_Requiem_-_Golden_Wind_Requiem	1
good	ADJ	27	04x38_-_Gold_Experience_Requiem_-_Golden_Wind_Requiem	3
gross	ADJ	10	04x38_-_Gold_Experience_Requiem_-_Golden_Wind_Requiem	1
guilty	ADJ	2	04x38_-_Gold_Experience_Requiem_-_Golden_Wind_Requiem	1
happy	ADJ	4	04x38_-_Gold_Experience_Requiem_-_Golden_Wind_Requiem	1
healthy	ADJ	5	04x38_-_Gold_Experience_Requiem_-_Golden_Wind_Requiem	1
herbivorous	ADJ	1	04x38_-_Gold_Experience_Requiem_-_Golden_Wind_Requiem	1
high	ADJ	18	04x38_-_Gold_Experience_Requiem_-_Golden_Wind_Requiem	1
human	ADJ	4	04x38_-_Gold_Experience_Requiem_-_Golden_Wind_Requiem	2
hunched	ADJ	2	04x38_-_Gold_Experience_Requiem_-_Golden_Wind_Requiem	1
important	ADJ	5	04x38_-_Gold_Experience_Requiem_-_Golden_Wind_Requiem	1
impossible	ADJ	4	04x38_-_Gold_Experience_Requiem_-_Golden_Wind_Requiem	1
internal	ADJ	5	04x38_-_Gold_Experience_Requiem_-_Golden_Wind_Requiem	4
last	ADJ	21	04x38_-_Gold_Experience_Requiem_-_Golden_Wind_Requiem	3
late	ADJ	11	04x38_-_Gold_Experience_Requiem_-_Golden_Wind_Requiem	1
least	ADJ	3	04x38_-_Gold_Experience_Requiem_-_Golden_Wind_Requiem	1
little	ADJ	10	04x38_-_Gold_Experience_Requiem_-_Golden_Wind_Requiem	2
lucky	ADJ	3	04x38_-_Gold_Experience_Requiem_-_Golden_Wind_Requiem	1
main	ADJ	5	04x38_-_Gold_Experience_Requiem_-_Golden_Wind_Requiem	26
many	ADJ	1	04x38_-_Gold_Experience_Requiem_-_Golden_Wind_Requiem	1
more	ADJ	5	04x38_-_Gold_Experience_Requiem_-_Golden_Wind_Requiem	1
much	ADJ	7	04x38_-_Gold_Experience_Requiem_-_Golden_Wind_Requiem	2
nice	ADJ	6	04x38_-_Gold_Experience_Requiem_-_Golden_Wind_Requiem	1
old	ADJ	9	04x38_-_Gold_Experience_Requiem_-_Golden_Wind_Requiem	1
only	ADJ	9	04x38_-_Gold_Experience_Requiem_-_Golden_Wind_Requiem	2
ordinary	ADJ	7	04x38_-_Gold_Experience_Requiem_-_Golden_Wind_Requiem	1
other	ADJ	4	04x38_-_Gold_Experience_Requiem_-_Golden_Wind_Requiem	1
overbearing	ADJ	5	04x38_-_Gold_Experience_Requiem_-_Golden_Wind_Requiem	1
particular	ADJ	9	04x38_-_Gold_Experience_Requiem_-_Golden_Wind_Requiem	2
past	ADJ	6	04x38_-_Gold_Experience_Requiem_-_Golden_Wind_Requiem	1
precious	ADJ	5	04x38_-_Gold_Experience_Requiem_-_Golden_Wind_Requiem	1
private	ADJ	5	04x38_-_Gold_Experience_Requiem_-_Golden_Wind_Requiem	1
proper	ADJ	4	04x38_-_Gold_Experience_Requiem_-_Golden_Wind_Requiem	1
real	ADJ	13	04x38_-_Gold_Experience_Requiem_-_Golden_Wind_Requiem	1
responsible	ADJ	3	04x38_-_Gold_Experience_Requiem_-_Golden_Wind_Requiem	1
right	ADJ	36	04x38_-_Gold_Experience_Requiem_-_Golden_Wind_Requiem	8
rightful	ADJ	2	04x38_-_Gold_Experience_Requiem_-_Golden_Wind_Requiem	2
rough	ADJ	18	04x38_-_Gold_Experience_Requiem_-_Golden_Wind_Requiem	1
same	ADJ	6	04x38_-_Gold_Experience_Requiem_-_Golden_Wind_Requiem	1
seventh	ADJ	4	04x38_-_Gold_Experience_Requiem_-_Golden_Wind_Requiem	1
smelly	ADJ	1	04x38_-_Gold_Experience_Requiem_-_Golden_Wind_Requiem	1
sorry	ADJ	4	04x38_-_Gold_Experience_Requiem_-_Golden_Wind_Requiem	3
stab	ADJ	6	04x38_-_Gold_Experience_Requiem_-_Golden_Wind_Requiem	1
strange	ADJ	3	04x38_-_Gold_Experience_Requiem_-_Golden_Wind_Requiem	3
stupid	ADJ	4	04x38_-_Gold_Experience_Requiem_-_Golden_Wind_Requiem	2
such	ADJ	2	04x38_-_Gold_Experience_Requiem_-_Golden_Wind_Requiem	1
sure	ADJ	10	04x38_-_Gold_Experience_Requiem_-_Golden_Wind_Requiem	5
sweetfish	ADJ	0	04x38_-_Gold_Experience_Requiem_-_Golden_Wind_Requiem	1
tasty	ADJ	1	04x38_-_Gold_Experience_Requiem_-_Golden_Wind_Requiem	1
trivial	ADJ	3	04x38_-_Gold_Experience_Requiem_-_Golden_Wind_Requiem	1
true	ADJ	15	04x38_-_Gold_Experience_Requiem_-_Golden_Wind_Requiem	1
unbelievable	ADJ	2	04x38_-_Gold_Experience_Requiem_-_Golden_Wind_Requiem	1
unimaginable	ADJ	1	04x38_-_Gold_Experience_Requiem_-_Golden_Wind_Requiem	1
unknown	ADJ	8	04x38_-_Gold_Experience_Requiem_-_Golden_Wind_Requiem	1
useless	ADJ	1	04x38_-_Gold_Experience_Requiem_-_Golden_Wind_Requiem	13
usual	ADJ	2	04x38_-_Gold_Experience_Requiem_-_Golden_Wind_Requiem	1
vegetarian	ADJ	1	04x38_-_Gold_Experience_Requiem_-_Golden_Wind_Requiem	1
weak	ADJ	12	04x38_-_Gold_Experience_Requiem_-_Golden_Wind_Requiem	1
well	ADJ	22	04x38_-_Gold_Experience_Requiem_-_Golden_Wind_Requiem	2
whole	ADJ	8	04x38_-_Gold_Experience_Requiem_-_Golden_Wind_Requiem	1
wrong	ADJ	13	04x38_-_Gold_Experience_Requiem_-_Golden_Wind_Requiem	1
young	ADJ	14	04x38_-_Gold_Experience_Requiem_-_Golden_Wind_Requiem	1
youthful	ADJ	1	04x38_-_Gold_Experience_Requiem_-_Golden_Wind_Requiem	1
-	ADJ	0	04x14_-_Express_Train_to_Florence_-_Il_Treno_Espresso_per_Firenze	2
able	ADJ	4	04x14_-_Express_Train_to_Florence_-_Il_Treno_Espresso_per_Firenze	3
aged	ADJ	9	04x14_-_Express_Train_to_Florence_-_Il_Treno_Espresso_per_Firenze	1
alarming	ADJ	3	04x14_-_Express_Train_to_Florence_-_Il_Treno_Espresso_per_Firenze	1
alive	ADJ	7	04x14_-_Express_Train_to_Florence_-_Il_Treno_Espresso_per_Firenze	1
awesome	ADJ	1	04x14_-_Express_Train_to_Florence_-_Il_Treno_Espresso_per_Firenze	1
bad	ADJ	17	04x14_-_Express_Train_to_Florence_-_Il_Treno_Espresso_per_Firenze	1
beautiful	ADJ	2	04x14_-_Express_Train_to_Florence_-_Il_Treno_Espresso_per_Firenze	1
big	ADJ	17	04x14_-_Express_Train_to_Florence_-_Il_Treno_Espresso_per_Firenze	1
black	ADJ	22	04x14_-_Express_Train_to_Florence_-_Il_Treno_Espresso_per_Firenze	1
brutal	ADJ	4	04x14_-_Express_Train_to_Florence_-_Il_Treno_Espresso_per_Firenze	1
carbonated	ADJ	3	04x14_-_Express_Train_to_Florence_-_Il_Treno_Espresso_per_Firenze	2
chilled	ADJ	3	04x14_-_Express_Train_to_Florence_-_Il_Treno_Espresso_per_Firenze	1
cold	ADJ	16	04x14_-_Express_Train_to_Florence_-_Il_Treno_Espresso_per_Firenze	3
confident	ADJ	3	04x14_-_Express_Train_to_Florence_-_Il_Treno_Espresso_per_Firenze	1
cool	ADJ	11	04x14_-_Express_Train_to_Florence_-_Il_Treno_Espresso_per_Firenze	1
cooler	ADJ	9	04x14_-_Express_Train_to_Florence_-_Il_Treno_Espresso_per_Firenze	1
dangerous	ADJ	2	04x14_-_Express_Train_to_Florence_-_Il_Treno_Espresso_per_Firenze	3
dead	ADJ	21	04x14_-_Express_Train_to_Florence_-_Il_Treno_Espresso_per_Firenze	1
definitive	ADJ	3	04x14_-_Express_Train_to_Florence_-_Il_Treno_Espresso_per_Firenze	1
desperate	ADJ	7	04x14_-_Express_Train_to_Florence_-_Il_Treno_Espresso_per_Firenze	1
different	ADJ	5	04x14_-_Express_Train_to_Florence_-_Il_Treno_Espresso_per_Firenze	5
direct	ADJ	24	04x14_-_Express_Train_to_Florence_-_Il_Treno_Espresso_per_Firenze	1
dry	ADJ	19	04x14_-_Express_Train_to_Florence_-_Il_Treno_Espresso_per_Firenze	3
early	ADJ	9	04x14_-_Express_Train_to_Florence_-_Il_Treno_Espresso_per_Firenze	1
fat	ADJ	9	04x14_-_Express_Train_to_Florence_-_Il_Treno_Espresso_per_Firenze	1
good	ADJ	27	04x14_-_Express_Train_to_Florence_-_Il_Treno_Espresso_per_Firenze	2
gross	ADJ	10	04x14_-_Express_Train_to_Florence_-_Il_Treno_Espresso_per_Firenze	2
hard	ADJ	22	04x14_-_Express_Train_to_Florence_-_Il_Treno_Espresso_per_Firenze	1
homeless	ADJ	4	04x14_-_Express_Train_to_Florence_-_Il_Treno_Espresso_per_Firenze	1
hot	ADJ	21	04x14_-_Express_Train_to_Florence_-_Il_Treno_Espresso_per_Firenze	1
kid	ADJ	7	04x14_-_Express_Train_to_Florence_-_Il_Treno_Espresso_per_Firenze	1
lead	ADJ	31	04x14_-_Express_Train_to_Florence_-_Il_Treno_Espresso_per_Firenze	1
less	ADJ	5	04x14_-_Express_Train_to_Florence_-_Il_Treno_Espresso_per_Firenze	1
light	ADJ	47	04x14_-_Express_Train_to_Florence_-_Il_Treno_Espresso_per_Firenze	1
like	ADJ	11	04x14_-_Express_Train_to_Florence_-_Il_Treno_Espresso_per_Firenze	1
little	ADJ	10	04x14_-_Express_Train_to_Florence_-_Il_Treno_Espresso_per_Firenze	2
loud	ADJ	4	04x14_-_Express_Train_to_Florence_-_Il_Treno_Espresso_per_Firenze	1
main	ADJ	5	04x14_-_Express_Train_to_Florence_-_Il_Treno_Espresso_per_Firenze	24
more	ADJ	5	04x14_-_Express_Train_to_Florence_-_Il_Treno_Espresso_per_Firenze	2
muggy	ADJ	1	04x14_-_Express_Train_to_Florence_-_Il_Treno_Espresso_per_Firenze	2
next	ADJ	4	04x14_-_Express_Train_to_Florence_-_Il_Treno_Espresso_per_Firenze	2
non	ADJ	1	04x14_-_Express_Train_to_Florence_-_Il_Treno_Espresso_per_Firenze	2
old	ADJ	9	04x14_-_Express_Train_to_Florence_-_Il_Treno_Espresso_per_Firenze	2
other	ADJ	4	04x14_-_Express_Train_to_Florence_-_Il_Treno_Espresso_per_Firenze	4
ow	ADJ	0	04x14_-_Express_Train_to_Florence_-_Il_Treno_Espresso_per_Firenze	1
pro	ADJ	4	04x14_-_Express_Train_to_Florence_-_Il_Treno_Espresso_per_Firenze	1
real	ADJ	13	04x14_-_Express_Train_to_Florence_-_Il_Treno_Espresso_per_Firenze	2
right	ADJ	36	04x14_-_Express_Train_to_Florence_-_Il_Treno_Espresso_per_Firenze	3
same	ADJ	6	04x14_-_Express_Train_to_Florence_-_Il_Treno_Espresso_per_Firenze	2
second	ADJ	15	04x14_-_Express_Train_to_Florence_-_Il_Treno_Espresso_per_Firenze	2
sixth	ADJ	4	04x14_-_Express_Train_to_Florence_-_Il_Treno_Espresso_per_Firenze	2
slight	ADJ	5	04x14_-_Express_Train_to_Florence_-_Il_Treno_Espresso_per_Firenze	1
small	ADJ	13	04x14_-_Express_Train_to_Florence_-_Il_Treno_Espresso_per_Firenze	1
stiff	ADJ	11	04x14_-_Express_Train_to_Florence_-_Il_Treno_Espresso_per_Firenze	1
strange	ADJ	3	04x14_-_Express_Train_to_Florence_-_Il_Treno_Espresso_per_Firenze	1
sudden	ADJ	1	04x14_-_Express_Train_to_Florence_-_Il_Treno_Espresso_per_Firenze	1
sure	ADJ	10	04x14_-_Express_Train_to_Florence_-_Il_Treno_Espresso_per_Firenze	3
susceptible	ADJ	2	04x14_-_Express_Train_to_Florence_-_Il_Treno_Espresso_per_Firenze	1
thorough	ADJ	2	04x14_-_Express_Train_to_Florence_-_Il_Treno_Espresso_per_Firenze	1
tired	ADJ	6	04x14_-_Express_Train_to_Florence_-_Il_Treno_Espresso_per_Firenze	1
warm	ADJ	13	04x14_-_Express_Train_to_Florence_-_Il_Treno_Espresso_per_Firenze	1
white	ADJ	25	04x14_-_Express_Train_to_Florence_-_Il_Treno_Espresso_per_Firenze	1
wrong	ADJ	13	04x14_-_Express_Train_to_Florence_-_Il_Treno_Espresso_per_Firenze	3
able	ADJ	4	04x37_-_King_of_Kings	4
about	ADJ	8	04x37_-_King_of_Kings	2
berserk	ADJ	2	04x37_-_King_of_Kings	1
close	ADJ	37	04x37_-_King_of_Kings	2
complete	ADJ	10	04x37_-_King_of_Kings	1
eternal	ADJ	2	04x37_-_King_of_Kings	1
few	ADJ	2	04x37_-_King_of_Kings	1
glad	ADJ	5	04x37_-_King_of_Kings	3
honest	ADJ	7	04x37_-_King_of_Kings	1
ideal	ADJ	5	04x37_-_King_of_Kings	1
insulting	ADJ	2	04x37_-_King_of_Kings	1
invincible	ADJ	1	04x37_-_King_of_Kings	2
little	ADJ	10	04x37_-_King_of_Kings	2
next	ADJ	4	04x37_-_King_of_Kings	1
normal	ADJ	5	04x37_-_King_of_Kings	1
okay	ADJ	4	04x37_-_King_of_Kings	1
only	ADJ	9	04x37_-_King_of_Kings	3
open	ADJ	36	04x37_-_King_of_Kings	2
original	ADJ	6	04x37_-_King_of_Kings	1
pointless	ADJ	2	04x37_-_King_of_Kings	1
quick	ADJ	8	04x37_-_King_of_Kings	1
right	ADJ	36	04x37_-_King_of_Kings	2
righteous	ADJ	2	04x37_-_King_of_Kings	1
stupid	ADJ	4	04x37_-_King_of_Kings	1
suitable	ADJ	2	04x37_-_King_of_Kings	1
superficial	ADJ	3	04x37_-_King_of_Kings	1
sure	ADJ	10	04x37_-_King_of_Kings	1
translucent	ADJ	1	04x37_-_King_of_Kings	1
tremendous	ADJ	3	04x37_-_King_of_Kings	1
true	ADJ	15	04x37_-_King_of_Kings	3
undeniable	ADJ	1	04x37_-_King_of_Kings	1
unexpected	ADJ	1	04x37_-_King_of_Kings	1
unknown	ADJ	8	04x37_-_King_of_Kings	1
unworthy	ADJ	3	04x37_-_King_of_Kings	1
useless	ADJ	1	04x37_-_King_of_Kings	24
weak	ADJ	12	04x37_-_King_of_Kings	2
worth	ADJ	5	04x37_-_King_of_Kings	1
worthy	ADJ	4	04x37_-_King_of_Kings	4
wrong	ADJ	13	04x37_-_King_of_Kings	2
able	ADJ	4	04x07_-_Sex_Pistols_Appears__Part_1_-_Six_b_ll_ts_Appears__Part_1	3
about	ADJ	8	04x07_-_Sex_Pistols_Appears__Part_1_-_Six_b_ll_ts_Appears__Part_1	1
ancient	ADJ	4	04x07_-_Sex_Pistols_Appears__Part_1_-_Six_b_ll_ts_Appears__Part_1	1
back	ADJ	28	04x07_-_Sex_Pistols_Appears__Part_1_-_Six_b_ll_ts_Appears__Part_1	2
bad	ADJ	17	04x07_-_Sex_Pistols_Appears__Part_1_-_Six_b_ll_ts_Appears__Part_1	3
beautiful	ADJ	2	04x07_-_Sex_Pistols_Appears__Part_1_-_Six_b_ll_ts_Appears__Part_1	2
big	ADJ	17	04x07_-_Sex_Pistols_Appears__Part_1_-_Six_b_ll_ts_Appears__Part_1	1
blue	ADJ	16	04x07_-_Sex_Pistols_Appears__Part_1_-_Six_b_ll_ts_Appears__Part_1	1
busy	ADJ	6	04x07_-_Sex_Pistols_Appears__Part_1_-_Six_b_ll_ts_Appears__Part_1	1
cautious	ADJ	3	04x07_-_Sex_Pistols_Appears__Part_1_-_Six_b_ll_ts_Appears__Part_1	3
close	ADJ	37	04x07_-_Sex_Pistols_Appears__Part_1_-_Six_b_ll_ts_Appears__Part_1	5
current	ADJ	4	04x07_-_Sex_Pistols_Appears__Part_1_-_Six_b_ll_ts_Appears__Part_1	1
dark	ADJ	16	04x07_-_Sex_Pistols_Appears__Part_1_-_Six_b_ll_ts_Appears__Part_1	1
dear	ADJ	8	04x07_-_Sex_Pistols_Appears__Part_1_-_Six_b_ll_ts_Appears__Part_1	1
delicious	ADJ	3	04x07_-_Sex_Pistols_Appears__Part_1_-_Six_b_ll_ts_Appears__Part_1	1
enough	ADJ	3	04x07_-_Sex_Pistols_Appears__Part_1_-_Six_b_ll_ts_Appears__Part_1	1
excited	ADJ	12	04x07_-_Sex_Pistols_Appears__Part_1_-_Six_b_ll_ts_Appears__Part_1	1
fine	ADJ	10	04x07_-_Sex_Pistols_Appears__Part_1_-_Six_b_ll_ts_Appears__Part_1	1
first	ADJ	16	04x07_-_Sex_Pistols_Appears__Part_1_-_Six_b_ll_ts_Appears__Part_1	1
flat	ADJ	24	04x07_-_Sex_Pistols_Appears__Part_1_-_Six_b_ll_ts_Appears__Part_1	1
good	ADJ	27	04x07_-_Sex_Pistols_Appears__Part_1_-_Six_b_ll_ts_Appears__Part_1	7
hard	ADJ	22	04x07_-_Sex_Pistols_Appears__Part_1_-_Six_b_ll_ts_Appears__Part_1	1
hardcore	ADJ	2	04x07_-_Sex_Pistols_Appears__Part_1_-_Six_b_ll_ts_Appears__Part_1	1
hidden	ADJ	7	04x07_-_Sex_Pistols_Appears__Part_1_-_Six_b_ll_ts_Appears__Part_1	1
high	ADJ	18	04x07_-_Sex_Pistols_Appears__Part_1_-_Six_b_ll_ts_Appears__Part_1	3
inside	ADJ	10	04x07_-_Sex_Pistols_Appears__Part_1_-_Six_b_ll_ts_Appears__Part_1	1
interested	ADJ	5	04x07_-_Sex_Pistols_Appears__Part_1_-_Six_b_ll_ts_Appears__Part_1	1
internal	ADJ	5	04x07_-_Sex_Pistols_Appears__Part_1_-_Six_b_ll_ts_Appears__Part_1	8
least	ADJ	3	04x07_-_Sex_Pistols_Appears__Part_1_-_Six_b_ll_ts_Appears__Part_1	2
little	ADJ	10	04x07_-_Sex_Pistols_Appears__Part_1_-_Six_b_ll_ts_Appears__Part_1	1
loud	ADJ	4	04x07_-_Sex_Pistols_Appears__Part_1_-_Six_b_ll_ts_Appears__Part_1	1
main	ADJ	5	04x07_-_Sex_Pistols_Appears__Part_1_-_Six_b_ll_ts_Appears__Part_1	29
many	ADJ	1	04x07_-_Sex_Pistols_Appears__Part_1_-_Six_b_ll_ts_Appears__Part_1	2
menacing	ADJ	4	04x07_-_Sex_Pistols_Appears__Part_1_-_Six_b_ll_ts_Appears__Part_1	1
more	ADJ	5	04x07_-_Sex_Pistols_Appears__Part_1_-_Six_b_ll_ts_Appears__Part_1	1
most	ADJ	5	04x07_-_Sex_Pistols_Appears__Part_1_-_Six_b_ll_ts_Appears__Part_1	1
next	ADJ	4	04x07_-_Sex_Pistols_Appears__Part_1_-_Six_b_ll_ts_Appears__Part_1	1
normal	ADJ	5	04x07_-_Sex_Pistols_Appears__Part_1_-_Six_b_ll_ts_Appears__Part_1	1
o	ADJ	3	04x07_-_Sex_Pistols_Appears__Part_1_-_Six_b_ll_ts_Appears__Part_1	1
other	ADJ	4	04x07_-_Sex_Pistols_Appears__Part_1_-_Six_b_ll_ts_Appears__Part_1	2
own	ADJ	2	04x07_-_Sex_Pistols_Appears__Part_1_-_Six_b_ll_ts_Appears__Part_1	1
panicky	ADJ	1	04x07_-_Sex_Pistols_Appears__Part_1_-_Six_b_ll_ts_Appears__Part_1	1
perfect	ADJ	5	04x07_-_Sex_Pistols_Appears__Part_1_-_Six_b_ll_ts_Appears__Part_1	1
plastic	ADJ	5	04x07_-_Sex_Pistols_Appears__Part_1_-_Six_b_ll_ts_Appears__Part_1	1
polluted	ADJ	2	04x07_-_Sex_Pistols_Appears__Part_1_-_Six_b_ll_ts_Appears__Part_1	1
possible	ADJ	4	04x07_-_Sex_Pistols_Appears__Part_1_-_Six_b_ll_ts_Appears__Part_1	2
powerful	ADJ	6	04x07_-_Sex_Pistols_Appears__Part_1_-_Six_b_ll_ts_Appears__Part_1	1
rear	ADJ	11	04x07_-_Sex_Pistols_Appears__Part_1_-_Six_b_ll_ts_Appears__Part_1	1
remote	ADJ	6	04x07_-_Sex_Pistols_Appears__Part_1_-_Six_b_ll_ts_Appears__Part_1	1
ri	ADJ	1	04x07_-_Sex_Pistols_Appears__Part_1_-_Six_b_ll_ts_Appears__Part_1	1
rid	ADJ	1	04x07_-_Sex_Pistols_Appears__Part_1_-_Six_b_ll_ts_Appears__Part_1	1
right	ADJ	36	04x07_-_Sex_Pistols_Appears__Part_1_-_Six_b_ll_ts_Appears__Part_1	3
ro	ADJ	1	04x07_-_Sex_Pistols_Appears__Part_1_-_Six_b_ll_ts_Appears__Part_1	1
roundabout	ADJ	4	04x07_-_Sex_Pistols_Appears__Part_1_-_Six_b_ll_ts_Appears__Part_1	1
safe	ADJ	7	04x07_-_Sex_Pistols_Appears__Part_1_-_Six_b_ll_ts_Appears__Part_1	1
secret	ADJ	14	04x07_-_Sex_Pistols_Appears__Part_1_-_Six_b_ll_ts_Appears__Part_1	3
sharp	ADJ	15	04x07_-_Sex_Pistols_Appears__Part_1_-_Six_b_ll_ts_Appears__Part_1	1
single	ADJ	10	04x07_-_Sex_Pistols_Appears__Part_1_-_Six_b_ll_ts_Appears__Part_1	1
sparkling	ADJ	7	04x07_-_Sex_Pistols_Appears__Part_1_-_Six_b_ll_ts_Appears__Part_1	1
stupid	ADJ	4	04x07_-_Sex_Pistols_Appears__Part_1_-_Six_b_ll_ts_Appears__Part_1	1
sure	ADJ	10	04x07_-_Sex_Pistols_Appears__Part_1_-_Six_b_ll_ts_Appears__Part_1	2
suspicious	ADJ	2	04x07_-_Sex_Pistols_Appears__Part_1_-_Six_b_ll_ts_Appears__Part_1	1
tuscan	ADJ	3	04x07_-_Sex_Pistols_Appears__Part_1_-_Six_b_ll_ts_Appears__Part_1	1
various	ADJ	4	04x07_-_Sex_Pistols_Appears__Part_1_-_Six_b_ll_ts_Appears__Part_1	1
vital	ADJ	4	04x07_-_Sex_Pistols_Appears__Part_1_-_Six_b_ll_ts_Appears__Part_1	1
wary	ADJ	2	04x07_-_Sex_Pistols_Appears__Part_1_-_Six_b_ll_ts_Appears__Part_1	1
well	ADJ	22	04x07_-_Sex_Pistols_Appears__Part_1_-_Six_b_ll_ts_Appears__Part_1	1
white	ADJ	25	04x07_-_Sex_Pistols_Appears__Part_1_-_Six_b_ll_ts_Appears__Part_1	1
whole	ADJ	8	04x07_-_Sex_Pistols_Appears__Part_1_-_Six_b_ll_ts_Appears__Part_1	1
able	ADJ	4	04x09_-_The_First_Mission_from_the_Boss	3
absolute	ADJ	6	04x09_-_The_First_Mission_from_the_Boss	1
amazing	ADJ	4	04x09_-_The_First_Mission_from_the_Boss	1
aware	ADJ	2	04x09_-_The_First_Mission_from_the_Boss	2
bad	ADJ	17	04x09_-_The_First_Mission_from_the_Boss	3
cautious	ADJ	3	04x09_-_The_First_Mission_from_the_Boss	1
clear	ADJ	45	04x09_-_The_First_Mission_from_the_Boss	1
comic	ADJ	3	04x09_-_The_First_Mission_from_the_Boss	1
correct	ADJ	12	04x09_-_The_First_Mission_from_the_Boss	4
damn	ADJ	5	04x09_-_The_First_Mission_from_the_Boss	1
dangerous	ADJ	2	04x09_-_The_First_Mission_from_the_Boss	1
dead	ADJ	21	04x09_-_The_First_Mission_from_the_Boss	2
direct	ADJ	24	04x09_-_The_First_Mission_from_the_Boss	1
dizzy	ADJ	3	04x09_-_The_First_Mission_from_the_Boss	1
few	ADJ	2	04x09_-_The_First_Mission_from_the_Boss	2
fine	ADJ	10	04x09_-_The_First_Mission_from_the_Boss	1
frail	ADJ	5	04x09_-_The_First_Mission_from_the_Boss	1
free	ADJ	22	04x09_-_The_First_Mission_from_the_Boss	1
good	ADJ	27	04x09_-_The_First_Mission_from_the_Boss	3
high	ADJ	18	04x09_-_The_First_Mission_from_the_Boss	1
immediate	ADJ	5	04x09_-_The_First_Mission_from_the_Boss	1
important	ADJ	5	04x09_-_The_First_Mission_from_the_Boss	3
intelligent	ADJ	4	04x09_-_The_First_Mission_from_the_Boss	1
internal	ADJ	5	04x09_-_The_First_Mission_from_the_Boss	4
italian	ADJ	3	04x09_-_The_First_Mission_from_the_Boss	1
jeez	ADJ	0	04x09_-_The_First_Mission_from_the_Boss	1
last	ADJ	21	04x09_-_The_First_Mission_from_the_Boss	1
late	ADJ	11	04x09_-_The_First_Mission_from_the_Boss	1
less	ADJ	5	04x09_-_The_First_Mission_from_the_Boss	1
little	ADJ	10	04x09_-_The_First_Mission_from_the_Boss	3
lucky	ADJ	3	04x09_-_The_First_Mission_from_the_Boss	1
main	ADJ	5	04x09_-_The_First_Mission_from_the_Boss	22
many	ADJ	1	04x09_-_The_First_Mission_from_the_Boss	3
morallywrong	ADJ	0	04x09_-_The_First_Mission_from_the_Boss	1
mysterious	ADJ	2	04x09_-_The_First_Mission_from_the_Boss	2
narrow	ADJ	10	04x09_-_The_First_Mission_from_the_Boss	1
new	ADJ	12	04x09_-_The_First_Mission_from_the_Boss	1
okay	ADJ	4	04x09_-_The_First_Mission_from_the_Boss	1
old	ADJ	9	04x09_-_The_First_Mission_from_the_Boss	3
only	ADJ	9	04x09_-_The_First_Mission_from_the_Boss	2
opposite	ADJ	11	04x09_-_The_First_Mission_from_the_Boss	1
other	ADJ	4	04x09_-_The_First_Mission_from_the_Boss	6
own	ADJ	2	04x09_-_The_First_Mission_from_the_Boss	4
picky	ADJ	1	04x09_-_The_First_Mission_from_the_Boss	1
real	ADJ	13	04x09_-_The_First_Mission_from_the_Boss	1
reliable	ADJ	3	04x09_-_The_First_Mission_from_the_Boss	1
rid	ADJ	1	04x09_-_The_First_Mission_from_the_Boss	2
right	ADJ	36	04x09_-_The_First_Mission_from_the_Boss	4
rude	ADJ	5	04x09_-_The_First_Mission_from_the_Boss	1
safe	ADJ	7	04x09_-_The_First_Mission_from_the_Boss	3
same	ADJ	6	04x09_-_The_First_Mission_from_the_Boss	3
scary	ADJ	1	04x09_-_The_First_Mission_from_the_Boss	1
shirtless	ADJ	0	04x09_-_The_First_Mission_from_the_Boss	1
small	ADJ	13	04x09_-_The_First_Mission_from_the_Boss	1
stuck	ADJ	18	04x09_-_The_First_Mission_from_the_Boss	1
sure	ADJ	10	04x09_-_The_First_Mission_from_the_Boss	7
suspicious	ADJ	2	04x09_-_The_First_Mission_from_the_Boss	1
tiny	ADJ	1	04x09_-_The_First_Mission_from_the_Boss	3
trustworthy	ADJ	2	04x09_-_The_First_Mission_from_the_Boss	1
unfinished	ADJ	3	04x09_-_The_First_Mission_from_the_Boss	2
useless	ADJ	1	04x09_-_The_First_Mission_from_the_Boss	1
whole	ADJ	8	04x09_-_The_First_Mission_from_the_Boss	1
worried	ADJ	8	04x09_-_The_First_Mission_from_the_Boss	1
worth	ADJ	5	04x09_-_The_First_Mission_from_the_Boss	2
worthless	ADJ	2	04x09_-_The_First_Mission_from_the_Boss	2
young	ADJ	14	04x09_-_The_First_Mission_from_the_Boss	2
yourtrue	ADJ	0	04x09_-_The_First_Mission_from_the_Boss	1
able	ADJ	4	04x28_-_Beneath_a_Sky_on_the_Verge_of_Falling	4
about	ADJ	8	04x28_-_Beneath_a_Sky_on_the_Verge_of_Falling	1
bad	ADJ	17	04x28_-_Beneath_a_Sky_on_the_Verge_of_Falling	2
close	ADJ	37	04x28_-_Beneath_a_Sky_on_the_Verge_of_Falling	2
confident	ADJ	3	04x28_-_Beneath_a_Sky_on_the_Verge_of_Falling	2
crafty	ADJ	1	04x28_-_Beneath_a_Sky_on_the_Verge_of_Falling	1
curious	ADJ	3	04x28_-_Beneath_a_Sky_on_the_Verge_of_Falling	1
dangerous	ADJ	2	04x28_-_Beneath_a_Sky_on_the_Verge_of_Falling	2
dead	ADJ	21	04x28_-_Beneath_a_Sky_on_the_Verge_of_Falling	2
distinguished	ADJ	7	04x28_-_Beneath_a_Sky_on_the_Verge_of_Falling	1
enough	ADJ	3	04x28_-_Beneath_a_Sky_on_the_Verge_of_Falling	2
exact	ADJ	4	04x28_-_Beneath_a_Sky_on_the_Verge_of_Falling	2
fast	ADJ	15	04x28_-_Beneath_a_Sky_on_the_Verge_of_Falling	1
good	ADJ	27	04x28_-_Beneath_a_Sky_on_the_Verge_of_Falling	1
great	ADJ	7	04x28_-_Beneath_a_Sky_on_the_Verge_of_Falling	2
guilty	ADJ	2	04x28_-_Beneath_a_Sky_on_the_Verge_of_Falling	1
hard	ADJ	22	04x28_-_Beneath_a_Sky_on_the_Verge_of_Falling	1
high	ADJ	18	04x28_-_Beneath_a_Sky_on_the_Verge_of_Falling	1
important	ADJ	5	04x28_-_Beneath_a_Sky_on_the_Verge_of_Falling	2
last	ADJ	21	04x28_-_Beneath_a_Sky_on_the_Verge_of_Falling	4
late	ADJ	11	04x28_-_Beneath_a_Sky_on_the_Verge_of_Falling	2
li'l	ADJ	0	04x28_-_Beneath_a_Sky_on_the_Verge_of_Falling	7
little	ADJ	10	04x28_-_Beneath_a_Sky_on_the_Verge_of_Falling	3
long	ADJ	12	04x28_-_Beneath_a_Sky_on_the_Verge_of_Falling	1
main	ADJ	5	04x28_-_Beneath_a_Sky_on_the_Verge_of_Falling	32
many	ADJ	1	04x28_-_Beneath_a_Sky_on_the_Verge_of_Falling	2
more	ADJ	5	04x28_-_Beneath_a_Sky_on_the_Verge_of_Falling	4
motivated	ADJ	2	04x28_-_Beneath_a_Sky_on_the_Verge_of_Falling	1
much	ADJ	7	04x28_-_Beneath_a_Sky_on_the_Verge_of_Falling	1
nearby	ADJ	2	04x28_-_Beneath_a_Sky_on_the_Verge_of_Falling	1
only	ADJ	9	04x28_-_Beneath_a_Sky_on_the_Verge_of_Falling	1
other	ADJ	4	04x28_-_Beneath_a_Sky_on_the_Verge_of_Falling	4
pathetic	ADJ	3	04x28_-_Beneath_a_Sky_on_the_Verge_of_Falling	1
powerful	ADJ	6	04x28_-_Beneath_a_Sky_on_the_Verge_of_Falling	1
prepared	ADJ	11	04x28_-_Beneath_a_Sky_on_the_Verge_of_Falling	1
proud	ADJ	2	04x28_-_Beneath_a_Sky_on_the_Verge_of_Falling	2
right	ADJ	36	04x28_-_Beneath_a_Sky_on_the_Verge_of_Falling	7
rocky	ADJ	4	04x28_-_Beneath_a_Sky_on_the_Verge_of_Falling	1
same	ADJ	6	04x28_-_Beneath_a_Sky_on_the_Verge_of_Falling	2
second	ADJ	15	04x28_-_Beneath_a_Sky_on_the_Verge_of_Falling	3
sensitive	ADJ	6	04x28_-_Beneath_a_Sky_on_the_Verge_of_Falling	1
serious	ADJ	6	04x28_-_Beneath_a_Sky_on_the_Verge_of_Falling	1
small	ADJ	13	04x28_-_Beneath_a_Sky_on_the_Verge_of_Falling	1
sorry	ADJ	4	04x28_-_Beneath_a_Sky_on_the_Verge_of_Falling	1
sure	ADJ	10	04x28_-_Beneath_a_Sky_on_the_Verge_of_Falling	2
tat	ADJ	3	04x28_-_Beneath_a_Sky_on_the_Verge_of_Falling	4
true	ADJ	15	04x28_-_Beneath_a_Sky_on_the_Verge_of_Falling	3
unable	ADJ	3	04x28_-_Beneath_a_Sky_on_the_Verge_of_Falling	1
unfortunate	ADJ	4	04x28_-_Beneath_a_Sky_on_the_Verge_of_Falling	1
usual	ADJ	2	04x28_-_Beneath_a_Sky_on_the_Verge_of_Falling	1
very	ADJ	4	04x28_-_Beneath_a_Sky_on_the_Verge_of_Falling	1
weak	ADJ	12	04x28_-_Beneath_a_Sky_on_the_Verge_of_Falling	1
whole	ADJ	8	04x28_-_Beneath_a_Sky_on_the_Verge_of_Falling	1
worthless	ADJ	2	04x28_-_Beneath_a_Sky_on_the_Verge_of_Falling	1
wrong	ADJ	13	04x28_-_Beneath_a_Sky_on_the_Verge_of_Falling	1
able	ADJ	4	04x22_-_The__G__in_Guts_-_The__G__in_Gozzo	2
about	ADJ	8	04x22_-_The__G__in_Guts_-_The__G__in_Gozzo	1
actual	ADJ	5	04x22_-_The__G__in_Guts_-_The__G__in_Gozzo	1
bad	ADJ	17	04x22_-_The__G__in_Guts_-_The__G__in_Gozzo	5
big	ADJ	17	04x22_-_The__G__in_Guts_-_The__G__in_Gozzo	4
careful	ADJ	5	04x22_-_The__G__in_Guts_-_The__G__in_Gozzo	1
clear	ADJ	45	04x22_-_The__G__in_Guts_-_The__G__in_Gozzo	1
correct	ADJ	12	04x22_-_The__G__in_Guts_-_The__G__in_Gozzo	1
determined	ADJ	13	04x22_-_The__G__in_Guts_-_The__G__in_Gozzo	1
disgusting	ADJ	3	04x22_-_The__G__in_Guts_-_The__G__in_Gozzo	1
elite	ADJ	2	04x22_-_The__G__in_Guts_-_The__G__in_Gozzo	3
empty	ADJ	10	04x22_-_The__G__in_Guts_-_The__G__in_Gozzo	1
enough	ADJ	3	04x22_-_The__G__in_Guts_-_The__G__in_Gozzo	2
exact	ADJ	4	04x22_-_The__G__in_Guts_-_The__G__in_Gozzo	1
fast	ADJ	15	04x22_-_The__G__in_Guts_-_The__G__in_Gozzo	1
few	ADJ	2	04x22_-_The__G__in_Guts_-_The__G__in_Gozzo	1
fine	ADJ	10	04x22_-_The__G__in_Guts_-_The__G__in_Gozzo	2
first	ADJ	16	04x22_-_The__G__in_Guts_-_The__G__in_Gozzo	1
good	ADJ	27	04x22_-_The__G__in_Guts_-_The__G__in_Gozzo	2
great	ADJ	7	04x22_-_The__G__in_Guts_-_The__G__in_Gozzo	2
hard	ADJ	22	04x22_-_The__G__in_Guts_-_The__G__in_Gozzo	1
huge	ADJ	1	04x22_-_The__G__in_Guts_-_The__G__in_Gozzo	3
hungry	ADJ	2	04x22_-_The__G__in_Guts_-_The__G__in_Gozzo	1
intense	ADJ	3	04x22_-_The__G__in_Guts_-_The__G__in_Gozzo	1
intuitive	ADJ	2	04x22_-_The__G__in_Guts_-_The__G__in_Gozzo	1
invincible	ADJ	1	04x22_-_The__G__in_Guts_-_The__G__in_Gozzo	2
least	ADJ	3	04x22_-_The__G__in_Guts_-_The__G__in_Gozzo	1
left	ADJ	24	04x22_-_The__G__in_Guts_-_The__G__in_Gozzo	1
little	ADJ	10	04x22_-_The__G__in_Guts_-_The__G__in_Gozzo	4
many	ADJ	1	04x22_-_The__G__in_Guts_-_The__G__in_Gozzo	1
more	ADJ	5	04x22_-_The__G__in_Guts_-_The__G__in_Gozzo	2
next	ADJ	4	04x22_-_The__G__in_Guts_-_The__G__in_Gozzo	1
normal	ADJ	5	04x22_-_The__G__in_Guts_-_The__G__in_Gozzo	1
old	ADJ	9	04x22_-_The__G__in_Guts_-_The__G__in_Gozzo	1
only	ADJ	9	04x22_-_The__G__in_Guts_-_The__G__in_Gozzo	1
own	ADJ	2	04x22_-_The__G__in_Guts_-_The__G__in_Gozzo	1
past	ADJ	6	04x22_-_The__G__in_Guts_-_The__G__in_Gozzo	1
personal	ADJ	6	04x22_-_The__G__in_Guts_-_The__G__in_Gozzo	1
random	ADJ	1	04x22_-_The__G__in_Guts_-_The__G__in_Gozzo	1
ready	ADJ	8	04x22_-_The__G__in_Guts_-_The__G__in_Gozzo	1
rid	ADJ	1	04x22_-_The__G__in_Guts_-_The__G__in_Gozzo	1
right	ADJ	36	04x22_-_The__G__in_Guts_-_The__G__in_Gozzo	3
scared	ADJ	4	04x22_-_The__G__in_Guts_-_The__G__in_Gozzo	1
serious	ADJ	6	04x22_-_The__G__in_Guts_-_The__G__in_Gozzo	1
single	ADJ	10	04x22_-_The__G__in_Guts_-_The__G__in_Gozzo	2
slow	ADJ	11	04x22_-_The__G__in_Guts_-_The__G__in_Gozzo	2
strange	ADJ	3	04x22_-_The__G__in_Guts_-_The__G__in_Gozzo	2
strong	ADJ	10	04x22_-_The__G__in_Guts_-_The__G__in_Gozzo	1
sure	ADJ	10	04x22_-_The__G__in_Guts_-_The__G__in_Gozzo	5
surprised	ADJ	4	04x22_-_The__G__in_Guts_-_The__G__in_Gozzo	1
suspicious	ADJ	2	04x22_-_The__G__in_Guts_-_The__G__in_Gozzo	1
tough	ADJ	12	04x22_-_The__G__in_Guts_-_The__G__in_Gozzo	1
true	ADJ	15	04x22_-_The__G__in_Guts_-_The__G__in_Gozzo	1
um	ADJ	0	04x22_-_The__G__in_Guts_-_The__G__in_Gozzo	1
unconscious	ADJ	4	04x22_-_The__G__in_Guts_-_The__G__in_Gozzo	1
unprepared	ADJ	1	04x22_-_The__G__in_Guts_-_The__G__in_Gozzo	1
useless	ADJ	1	04x22_-_The__G__in_Guts_-_The__G__in_Gozzo	1
well	ADJ	22	04x22_-_The__G__in_Guts_-_The__G__in_Gozzo	1
white	ADJ	25	04x22_-_The__G__in_Guts_-_The__G__in_Gozzo	1
wrong	ADJ	13	04x22_-_The__G__in_Guts_-_The__G__in_Gozzo	4
able	ADJ	4	04x21_5_-_Determination	2
absolute	ADJ	6	04x21_5_-_Determination	1
alive	ADJ	7	04x21_5_-_Determination	1
alone	ADJ	6	04x21_5_-_Determination	1
blonde	ADJ	3	04x21_5_-_Determination	2
bright	ADJ	11	04x21_5_-_Determination	1
cheap	ADJ	4	04x21_5_-_Determination	2
clear	ADJ	45	04x21_5_-_Determination	1
cold	ADJ	16	04x21_5_-_Determination	1
conflicted	ADJ	2	04x21_5_-_Determination	1
conscious	ADJ	3	04x21_5_-_Determination	1
damn	ADJ	5	04x21_5_-_Determination	1
dangerous	ADJ	2	04x21_5_-_Determination	1
dear	ADJ	8	04x21_5_-_Determination	2
due	ADJ	7	04x21_5_-_Determination	1
enough	ADJ	3	04x21_5_-_Determination	1
fair	ADJ	17	04x21_5_-_Determination	1
few	ADJ	2	04x21_5_-_Determination	1
fierce	ADJ	4	04x21_5_-_Determination	1
filthy	ADJ	3	04x21_5_-_Determination	1
final	ADJ	5	04x21_5_-_Determination	1
formidable	ADJ	2	04x21_5_-_Determination	1
gentle	ADJ	10	04x21_5_-_Determination	1
golden	ADJ	6	04x21_5_-_Determination	2
good	ADJ	27	04x21_5_-_Determination	7
great	ADJ	7	04x21_5_-_Determination	2
guilty	ADJ	2	04x21_5_-_Determination	1
helpless	ADJ	3	04x21_5_-_Determination	1
high	ADJ	18	04x21_5_-_Determination	2
honorable	ADJ	4	04x21_5_-_Determination	1
hooky	ADJ	1	04x21_5_-_Determination	1
horrifying	ADJ	2	04x21_5_-_Determination	1
huge	ADJ	1	04x21_5_-_Determination	1
important	ADJ	5	04x21_5_-_Determination	2
impulsive	ADJ	5	04x21_5_-_Determination	1
innocent	ADJ	8	04x21_5_-_Determination	1
insane	ADJ	2	04x21_5_-_Determination	1
intense	ADJ	3	04x21_5_-_Determination	1
internal	ADJ	5	04x21_5_-_Determination	21
invisible	ADJ	2	04x21_5_-_Determination	1
judicial	ADJ	4	04x21_5_-_Determination	1
juvenile	ADJ	3	04x21_5_-_Determination	1
least	ADJ	3	04x21_5_-_Determination	2
likely	ADJ	5	04x21_5_-_Determination	1
little	ADJ	10	04x21_5_-_Determination	3
long	ADJ	12	04x21_5_-_Determination	1
lucky	ADJ	3	04x21_5_-_Determination	1
main	ADJ	5	04x21_5_-_Determination	14
minded	ADJ	8	04x21_5_-_Determination	1
more	ADJ	5	04x21_5_-_Determination	3
much	ADJ	7	04x21_5_-_Determination	1
naked	ADJ	5	04x21_5_-_Determination	1
naïve	ADJ	0	04x21_5_-_Determination	1
new	ADJ	12	04x21_5_-_Determination	1
next	ADJ	4	04x21_5_-_Determination	2
old	ADJ	9	04x21_5_-_Determination	1
only	ADJ	9	04x21_5_-_Determination	2
open	ADJ	36	04x21_5_-_Determination	1
own	ADJ	2	04x21_5_-_Determination	9
panicked	ADJ	3	04x21_5_-_Determination	1
passionate	ADJ	1	04x21_5_-_Determination	1
possible	ADJ	4	04x21_5_-_Determination	1
powerful	ADJ	6	04x21_5_-_Determination	1
prepared	ADJ	11	04x21_5_-_Determination	1
quiet	ADJ	13	04x21_5_-_Determination	2
ready	ADJ	8	04x21_5_-_Determination	1
real	ADJ	13	04x21_5_-_Determination	1
rich	ADJ	13	04x21_5_-_Determination	1
rid	ADJ	1	04x21_5_-_Determination	1
right	ADJ	36	04x21_5_-_Determination	7
same	ADJ	6	04x21_5_-_Determination	1
serious	ADJ	6	04x21_5_-_Determination	2
sharp	ADJ	15	04x21_5_-_Determination	1
silent	ADJ	6	04x21_5_-_Determination	1
simple	ADJ	9	04x21_5_-_Determination	1
single	ADJ	10	04x21_5_-_Determination	1
solid	ADJ	18	04x21_5_-_Determination	1
strange	ADJ	3	04x21_5_-_Determination	1
strong	ADJ	10	04x21_5_-_Determination	1
sure	ADJ	10	04x21_5_-_Determination	4
true	ADJ	15	04x21_5_-_Determination	4
unbelievable	ADJ	2	04x21_5_-_Determination	1
unforgivable	ADJ	1	04x21_5_-_Determination	2
useless	ADJ	1	04x21_5_-_Determination	1
usual	ADJ	2	04x21_5_-_Determination	1
utmost	ADJ	4	04x21_5_-_Determination	1
various	ADJ	4	04x21_5_-_Determination	1
weak	ADJ	12	04x21_5_-_Determination	1
wealthy	ADJ	1	04x21_5_-_Determination	1
whole	ADJ	8	04x21_5_-_Determination	1
wrong	ADJ	13	04x21_5_-_Determination	1
young	ADJ	14	04x21_5_-_Determination	2
Most	ADJ	5	04x29_-_Get_to_the_Roman_Colosseum__-_Verso_il_Colosseo_di_Roma	1
able	ADJ	4	04x29_-_Get_to_the_Roman_Colosseum__-_Verso_il_Colosseo_di_Roma	6
absolute	ADJ	6	04x29_-_Get_to_the_Roman_Colosseum__-_Verso_il_Colosseo_di_Roma	2
alive	ADJ	7	04x29_-_Get_to_the_Roman_Colosseum__-_Verso_il_Colosseo_di_Roma	1
bad	ADJ	17	04x29_-_Get_to_the_Roman_Colosseum__-_Verso_il_Colosseo_di_Roma	1
beenerased	ADJ	0	04x29_-_Get_to_the_Roman_Colosseum__-_Verso_il_Colosseo_di_Roma	2
berserk	ADJ	2	04x29_-_Get_to_the_Roman_Colosseum__-_Verso_il_Colosseo_di_Roma	1
certain	ADJ	7	04x29_-_Get_to_the_Roman_Colosseum__-_Verso_il_Colosseo_di_Roma	1
close	ADJ	37	04x29_-_Get_to_the_Roman_Colosseum__-_Verso_il_Colosseo_di_Roma	1
countless	ADJ	1	04x29_-_Get_to_the_Roman_Colosseum__-_Verso_il_Colosseo_di_Roma	1
damn	ADJ	5	04x29_-_Get_to_the_Roman_Colosseum__-_Verso_il_Colosseo_di_Roma	1
dangerous	ADJ	2	04x29_-_Get_to_the_Roman_Colosseum__-_Verso_il_Colosseo_di_Roma	1
dead	ADJ	21	04x29_-_Get_to_the_Roman_Colosseum__-_Verso_il_Colosseo_di_Roma	2
elderly	ADJ	2	04x29_-_Get_to_the_Roman_Colosseum__-_Verso_il_Colosseo_di_Roma	3
elite	ADJ	2	04x29_-_Get_to_the_Roman_Colosseum__-_Verso_il_Colosseo_di_Roma	1
enough	ADJ	3	04x29_-_Get_to_the_Roman_Colosseum__-_Verso_il_Colosseo_di_Roma	1
entomopathogenic	ADJ	0	04x29_-_Get_to_the_Roman_Colosseum__-_Verso_il_Colosseo_di_Roma	1
excellent	ADJ	1	04x29_-_Get_to_the_Roman_Colosseum__-_Verso_il_Colosseo_di_Roma	2
famous	ADJ	1	04x29_-_Get_to_the_Roman_Colosseum__-_Verso_il_Colosseo_di_Roma	1
few	ADJ	2	04x29_-_Get_to_the_Roman_Colosseum__-_Verso_il_Colosseo_di_Roma	3
fine	ADJ	10	04x29_-_Get_to_the_Roman_Colosseum__-_Verso_il_Colosseo_di_Roma	1
former	ADJ	5	04x29_-_Get_to_the_Roman_Colosseum__-_Verso_il_Colosseo_di_Roma	2
good	ADJ	27	04x29_-_Get_to_the_Roman_Colosseum__-_Verso_il_Colosseo_di_Roma	3
healthy	ADJ	5	04x29_-_Get_to_the_Roman_Colosseum__-_Verso_il_Colosseo_di_Roma	1
human	ADJ	4	04x29_-_Get_to_the_Roman_Colosseum__-_Verso_il_Colosseo_di_Roma	1
important	ADJ	5	04x29_-_Get_to_the_Roman_Colosseum__-_Verso_il_Colosseo_di_Roma	1
impossible	ADJ	4	04x29_-_Get_to_the_Roman_Colosseum__-_Verso_il_Colosseo_di_Roma	1
innocent	ADJ	8	04x29_-_Get_to_the_Roman_Colosseum__-_Verso_il_Colosseo_di_Roma	1
interesting	ADJ	4	04x29_-_Get_to_the_Roman_Colosseum__-_Verso_il_Colosseo_di_Roma	1
internal	ADJ	5	04x29_-_Get_to_the_Roman_Colosseum__-_Verso_il_Colosseo_di_Roma	14
invincible	ADJ	1	04x29_-_Get_to_the_Roman_Colosseum__-_Verso_il_Colosseo_di_Roma	1
last	ADJ	21	04x29_-_Get_to_the_Roman_Colosseum__-_Verso_il_Colosseo_di_Roma	3
later	ADJ	12	04x29_-_Get_to_the_Roman_Colosseum__-_Verso_il_Colosseo_di_Roma	1
least	ADJ	3	04x29_-_Get_to_the_Roman_Colosseum__-_Verso_il_Colosseo_di_Roma	2
little	ADJ	10	04x29_-_Get_to_the_Roman_Colosseum__-_Verso_il_Colosseo_di_Roma	3
local	ADJ	5	04x29_-_Get_to_the_Roman_Colosseum__-_Verso_il_Colosseo_di_Roma	1
long	ADJ	12	04x29_-_Get_to_the_Roman_Colosseum__-_Verso_il_Colosseo_di_Roma	1
low	ADJ	16	04x29_-_Get_to_the_Roman_Colosseum__-_Verso_il_Colosseo_di_Roma	3
main	ADJ	5	04x29_-_Get_to_the_Roman_Colosseum__-_Verso_il_Colosseo_di_Roma	21
meticulous	ADJ	2	04x29_-_Get_to_the_Roman_Colosseum__-_Verso_il_Colosseo_di_Roma	1
more	ADJ	5	04x29_-_Get_to_the_Roman_Colosseum__-_Verso_il_Colosseo_di_Roma	4
most	ADJ	5	04x29_-_Get_to_the_Roman_Colosseum__-_Verso_il_Colosseo_di_Roma	1
natural	ADJ	13	04x29_-_Get_to_the_Roman_Colosseum__-_Verso_il_Colosseo_di_Roma	1
new	ADJ	12	04x29_-_Get_to_the_Roman_Colosseum__-_Verso_il_Colosseo_di_Roma	1
old	ADJ	9	04x29_-_Get_to_the_Roman_Colosseum__-_Verso_il_Colosseo_di_Roma	2
only	ADJ	9	04x29_-_Get_to_the_Roman_Colosseum__-_Verso_il_Colosseo_di_Roma	4
open	ADJ	36	04x29_-_Get_to_the_Roman_Colosseum__-_Verso_il_Colosseo_di_Roma	1
other	ADJ	4	04x29_-_Get_to_the_Roman_Colosseum__-_Verso_il_Colosseo_di_Roma	4
own	ADJ	2	04x29_-_Get_to_the_Roman_Colosseum__-_Verso_il_Colosseo_di_Roma	4
particular	ADJ	9	04x29_-_Get_to_the_Roman_Colosseum__-_Verso_il_Colosseo_di_Roma	1
perfect	ADJ	5	04x29_-_Get_to_the_Roman_Colosseum__-_Verso_il_Colosseo_di_Roma	2
previous	ADJ	3	04x29_-_Get_to_the_Roman_Colosseum__-_Verso_il_Colosseo_di_Roma	1
quick	ADJ	8	04x29_-_Get_to_the_Roman_Colosseum__-_Verso_il_Colosseo_di_Roma	1
quiet	ADJ	13	04x29_-_Get_to_the_Roman_Colosseum__-_Verso_il_Colosseo_di_Roma	1
rare	ADJ	6	04x29_-_Get_to_the_Roman_Colosseum__-_Verso_il_Colosseo_di_Roma	1
right	ADJ	36	04x29_-_Get_to_the_Roman_Colosseum__-_Verso_il_Colosseo_di_Roma	1
same	ADJ	6	04x29_-_Get_to_the_Roman_Colosseum__-_Verso_il_Colosseo_di_Roma	3
sardinian	ADJ	3	04x29_-_Get_to_the_Roman_Colosseum__-_Verso_il_Colosseo_di_Roma	1
secret	ADJ	14	04x29_-_Get_to_the_Roman_Colosseum__-_Verso_il_Colosseo_di_Roma	2
sick	ADJ	9	04x29_-_Get_to_the_Roman_Colosseum__-_Verso_il_Colosseo_di_Roma	1
similar	ADJ	5	04x29_-_Get_to_the_Roman_Colosseum__-_Verso_il_Colosseo_di_Roma	1
simple	ADJ	9	04x29_-_Get_to_the_Roman_Colosseum__-_Verso_il_Colosseo_di_Roma	1
single	ADJ	10	04x29_-_Get_to_the_Roman_Colosseum__-_Verso_il_Colosseo_di_Roma	1
slight	ADJ	5	04x29_-_Get_to_the_Roman_Colosseum__-_Verso_il_Colosseo_di_Roma	1
strange	ADJ	3	04x29_-_Get_to_the_Roman_Colosseum__-_Verso_il_Colosseo_di_Roma	1
stupid	ADJ	4	04x29_-_Get_to_the_Roman_Colosseum__-_Verso_il_Colosseo_di_Roma	1
such	ADJ	2	04x29_-_Get_to_the_Roman_Colosseum__-_Verso_il_Colosseo_di_Roma	1
superior	ADJ	13	04x29_-_Get_to_the_Roman_Colosseum__-_Verso_il_Colosseo_di_Roma	1
sure	ADJ	10	04x29_-_Get_to_the_Roman_Colosseum__-_Verso_il_Colosseo_di_Roma	6
suspicious	ADJ	2	04x29_-_Get_to_the_Roman_Colosseum__-_Verso_il_Colosseo_di_Roma	1
top	ADJ	22	04x29_-_Get_to_the_Roman_Colosseum__-_Verso_il_Colosseo_di_Roma	1
true	ADJ	15	04x29_-_Get_to_the_Roman_Colosseum__-_Verso_il_Colosseo_di_Roma	4
unconscious	ADJ	4	04x29_-_Get_to_the_Roman_Colosseum__-_Verso_il_Colosseo_di_Roma	1
unexpected	ADJ	1	04x29_-_Get_to_the_Roman_Colosseum__-_Verso_il_Colosseo_di_Roma	1
unknown	ADJ	8	04x29_-_Get_to_the_Roman_Colosseum__-_Verso_il_Colosseo_di_Roma	2
various	ADJ	4	04x29_-_Get_to_the_Roman_Colosseum__-_Verso_il_Colosseo_di_Roma	1
viral	ADJ	1	04x29_-_Get_to_the_Roman_Colosseum__-_Verso_il_Colosseo_di_Roma	1
well	ADJ	22	04x29_-_Get_to_the_Roman_Colosseum__-_Verso_il_Colosseo_di_Roma	1
whole	ADJ	8	04x29_-_Get_to_the_Roman_Colosseum__-_Verso_il_Colosseo_di_Roma	1
wrong	ADJ	13	04x29_-_Get_to_the_Roman_Colosseum__-_Verso_il_Colosseo_di_Roma	1
young	ADJ	14	04x29_-_Get_to_the_Roman_Colosseum__-_Verso_il_Colosseo_di_Roma	1
able	ADJ	4	04x20_-_The_Final_Mission_from_the_Boss	4
accidental	ADJ	2	04x20_-_The_Final_Mission_from_the_Boss	1
alive	ADJ	7	04x20_-_The_Final_Mission_from_the_Boss	3
cautious	ADJ	3	04x20_-_The_Final_Mission_from_the_Boss	1
certain	ADJ	7	04x20_-_The_Final_Mission_from_the_Boss	1
clear	ADJ	45	04x20_-_The_Final_Mission_from_the_Boss	1
concerned	ADJ	5	04x20_-_The_Final_Mission_from_the_Boss	1
dangerous	ADJ	2	04x20_-_The_Final_Mission_from_the_Boss	1
dead	ADJ	21	04x20_-_The_Final_Mission_from_the_Boss	1
detailed	ADJ	3	04x20_-_The_Final_Mission_from_the_Boss	1
determined	ADJ	13	04x20_-_The_Final_Mission_from_the_Boss	1
different	ADJ	5	04x20_-_The_Final_Mission_from_the_Boss	1
earnest	ADJ	4	04x20_-_The_Final_Mission_from_the_Boss	1
fantastic	ADJ	5	04x20_-_The_Final_Mission_from_the_Boss	1
fatal	ADJ	4	04x20_-_The_Final_Mission_from_the_Boss	1
few	ADJ	2	04x20_-_The_Final_Mission_from_the_Boss	2
final	ADJ	5	04x20_-_The_Final_Mission_from_the_Boss	3
first	ADJ	16	04x20_-_The_Final_Mission_from_the_Boss	1
formal	ADJ	8	04x20_-_The_Final_Mission_from_the_Boss	1
good	ADJ	27	04x20_-_The_Final_Mission_from_the_Boss	11
great	ADJ	7	04x20_-_The_Final_Mission_from_the_Boss	2
greedy	ADJ	3	04x20_-_The_Final_Mission_from_the_Boss	1
happy	ADJ	4	04x20_-_The_Final_Mission_from_the_Boss	1
high	ADJ	18	04x20_-_The_Final_Mission_from_the_Boss	1
honest	ADJ	7	04x20_-_The_Final_Mission_from_the_Boss	1
hungry	ADJ	2	04x20_-_The_Final_Mission_from_the_Boss	1
important	ADJ	5	04x20_-_The_Final_Mission_from_the_Boss	1
innocent	ADJ	8	04x20_-_The_Final_Mission_from_the_Boss	2
internal	ADJ	5	04x20_-_The_Final_Mission_from_the_Boss	8
invisible	ADJ	2	04x20_-_The_Final_Mission_from_the_Boss	1
kind	ADJ	4	04x20_-_The_Final_Mission_from_the_Boss	1
least	ADJ	3	04x20_-_The_Final_Mission_from_the_Boss	1
like	ADJ	11	04x20_-_The_Final_Mission_from_the_Boss	1
main	ADJ	5	04x20_-_The_Final_Mission_from_the_Boss	18
many	ADJ	1	04x20_-_The_Final_Mission_from_the_Boss	2
more	ADJ	5	04x20_-_The_Final_Mission_from_the_Boss	2
much	ADJ	7	04x20_-_The_Final_Mission_from_the_Boss	1
nervous	ADJ	5	04x20_-_The_Final_Mission_from_the_Boss	1
net	ADJ	12	04x20_-_The_Final_Mission_from_the_Boss	1
new	ADJ	12	04x20_-_The_Final_Mission_from_the_Boss	1
o	ADJ	3	04x20_-_The_Final_Mission_from_the_Boss	1
okay	ADJ	4	04x20_-_The_Final_Mission_from_the_Boss	1
only	ADJ	9	04x20_-_The_Final_Mission_from_the_Boss	3
open	ADJ	36	04x20_-_The_Final_Mission_from_the_Boss	2
other	ADJ	4	04x20_-_The_Final_Mission_from_the_Boss	5
own	ADJ	2	04x20_-_The_Final_Mission_from_the_Boss	3
plastic	ADJ	5	04x20_-_The_Final_Mission_from_the_Boss	1
powerful	ADJ	6	04x20_-_The_Final_Mission_from_the_Boss	1
repulsive	ADJ	3	04x20_-_The_Final_Mission_from_the_Boss	1
rid	ADJ	1	04x20_-_The_Final_Mission_from_the_Boss	1
right	ADJ	36	04x20_-_The_Final_Mission_from_the_Boss	11
safe	ADJ	7	04x20_-_The_Final_Mission_from_the_Boss	1
slight	ADJ	5	04x20_-_The_Final_Mission_from_the_Boss	1
smart	ADJ	9	04x20_-_The_Final_Mission_from_the_Boss	1
squid	ADJ	2	04x20_-_The_Final_Mission_from_the_Boss	1
sticky	ADJ	5	04x20_-_The_Final_Mission_from_the_Boss	1
strange	ADJ	3	04x20_-_The_Final_Mission_from_the_Boss	1
strong	ADJ	10	04x20_-_The_Final_Mission_from_the_Boss	2
sure	ADJ	10	04x20_-_The_Final_Mission_from_the_Boss	2
true	ADJ	15	04x20_-_The_Final_Mission_from_the_Boss	4
unforgivable	ADJ	1	04x20_-_The_Final_Mission_from_the_Boss	2
well	ADJ	22	04x20_-_The_Final_Mission_from_the_Boss	3
white	ADJ	25	04x20_-_The_Final_Mission_from_the_Boss	1
willing	ADJ	6	04x20_-_The_Final_Mission_from_the_Boss	1
wrong	ADJ	13	04x20_-_The_Final_Mission_from_the_Boss	1
able	ADJ	4	04x16_-_The_Grateful_Dead__Part_2_-_Thankful_Death__Part_2	6
alive	ADJ	7	04x16_-_The_Grateful_Dead__Part_2_-_Thankful_Death__Part_2	3
believable	ADJ	1	04x16_-_The_Grateful_Dead__Part_2_-_Thankful_Death__Part_2	1
big	ADJ	17	04x16_-_The_Grateful_Dead__Part_2_-_Thankful_Death__Part_2	2
bizarre	ADJ	1	04x16_-_The_Grateful_Dead__Part_2_-_Thankful_Death__Part_2	1
close	ADJ	37	04x16_-_The_Grateful_Dead__Part_2_-_Thankful_Death__Part_2	3
confident	ADJ	3	04x16_-_The_Grateful_Dead__Part_2_-_Thankful_Death__Part_2	3
dead	ADJ	21	04x16_-_The_Grateful_Dead__Part_2_-_Thankful_Death__Part_2	1
difficult	ADJ	2	04x16_-_The_Grateful_Dead__Part_2_-_Thankful_Death__Part_2	3
electrical	ADJ	2	04x16_-_The_Grateful_Dead__Part_2_-_Thankful_Death__Part_2	1
endless	ADJ	4	04x16_-_The_Grateful_Dead__Part_2_-_Thankful_Death__Part_2	1
enough	ADJ	3	04x16_-_The_Grateful_Dead__Part_2_-_Thankful_Death__Part_2	1
excellent	ADJ	1	04x16_-_The_Grateful_Dead__Part_2_-_Thankful_Death__Part_2	1
few	ADJ	2	04x16_-_The_Grateful_Dead__Part_2_-_Thankful_Death__Part_2	1
first	ADJ	16	04x16_-_The_Grateful_Dead__Part_2_-_Thankful_Death__Part_2	1
good	ADJ	27	04x16_-_The_Grateful_Dead__Part_2_-_Thankful_Death__Part_2	2
goodbye_,sign	ADJ	0	04x16_-_The_Grateful_Dead__Part_2_-_Thankful_Death__Part_2	1
great	ADJ	7	04x16_-_The_Grateful_Dead__Part_2_-_Thankful_Death__Part_2	1
heavy	ADJ	30	04x16_-_The_Grateful_Dead__Part_2_-_Thankful_Death__Part_2	1
impossible	ADJ	4	04x16_-_The_Grateful_Dead__Part_2_-_Thankful_Death__Part_2	2
insane	ADJ	2	04x16_-_The_Grateful_Dead__Part_2_-_Thankful_Death__Part_2	2
internal	ADJ	5	04x16_-_The_Grateful_Dead__Part_2_-_Thankful_Death__Part_2	6
left	ADJ	24	04x16_-_The_Grateful_Dead__Part_2_-_Thankful_Death__Part_2	2
light	ADJ	47	04x16_-_The_Grateful_Dead__Part_2_-_Thankful_Death__Part_2	1
little	ADJ	10	04x16_-_The_Grateful_Dead__Part_2_-_Thankful_Death__Part_2	1
main	ADJ	5	04x16_-_The_Grateful_Dead__Part_2_-_Thankful_Death__Part_2	12
mere	ADJ	3	04x16_-_The_Grateful_Dead__Part_2_-_Thankful_Death__Part_2	1
next	ADJ	4	04x16_-_The_Grateful_Dead__Part_2_-_Thankful_Death__Part_2	1
normal	ADJ	5	04x16_-_The_Grateful_Dead__Part_2_-_Thankful_Death__Part_2	1
okay	ADJ	4	04x16_-_The_Grateful_Dead__Part_2_-_Thankful_Death__Part_2	1
only	ADJ	9	04x16_-_The_Grateful_Dead__Part_2_-_Thankful_Death__Part_2	2
other	ADJ	4	04x16_-_The_Grateful_Dead__Part_2_-_Thankful_Death__Part_2	2
own	ADJ	2	04x16_-_The_Grateful_Dead__Part_2_-_Thankful_Death__Part_2	1
possible	ADJ	4	04x16_-_The_Grateful_Dead__Part_2_-_Thankful_Death__Part_2	1
powerful	ADJ	6	04x16_-_The_Grateful_Dead__Part_2_-_Thankful_Death__Part_2	1
pro	ADJ	4	04x16_-_The_Grateful_Dead__Part_2_-_Thankful_Death__Part_2	1
provingquite	ADJ	0	04x16_-_The_Grateful_Dead__Part_2_-_Thankful_Death__Part_2	1
quick	ADJ	8	04x16_-_The_Grateful_Dead__Part_2_-_Thankful_Death__Part_2	2
right	ADJ	36	04x16_-_The_Grateful_Dead__Part_2_-_Thankful_Death__Part_2	7
safe	ADJ	7	04x16_-_The_Grateful_Dead__Part_2_-_Thankful_Death__Part_2	1
same	ADJ	6	04x16_-_The_Grateful_Dead__Part_2_-_Thankful_Death__Part_2	1
second	ADJ	15	04x16_-_The_Grateful_Dead__Part_2_-_Thankful_Death__Part_2	1
sick	ADJ	9	04x16_-_The_Grateful_Dead__Part_2_-_Thankful_Death__Part_2	1
slow	ADJ	11	04x16_-_The_Grateful_Dead__Part_2_-_Thankful_Death__Part_2	1
stubborn	ADJ	2	04x16_-_The_Grateful_Dead__Part_2_-_Thankful_Death__Part_2	1
such	ADJ	2	04x16_-_The_Grateful_Dead__Part_2_-_Thankful_Death__Part_2	2
superior	ADJ	13	04x16_-_The_Grateful_Dead__Part_2_-_Thankful_Death__Part_2	1
sure	ADJ	10	04x16_-_The_Grateful_Dead__Part_2_-_Thankful_Death__Part_2	3
surefire	ADJ	0	04x16_-_The_Grateful_Dead__Part_2_-_Thankful_Death__Part_2	1
surprised	ADJ	4	04x16_-_The_Grateful_Dead__Part_2_-_Thankful_Death__Part_2	1
terrifying	ADJ	2	04x16_-_The_Grateful_Dead__Part_2_-_Thankful_Death__Part_2	1
thankful	ADJ	1	04x16_-_The_Grateful_Dead__Part_2_-_Thankful_Death__Part_2	1
true	ADJ	15	04x16_-_The_Grateful_Dead__Part_2_-_Thankful_Death__Part_2	1
unlucky	ADJ	2	04x16_-_The_Grateful_Dead__Part_2_-_Thankful_Death__Part_2	3
well	ADJ	22	04x16_-_The_Grateful_Dead__Part_2_-_Thankful_Death__Part_2	2
willing	ADJ	6	04x16_-_The_Grateful_Dead__Part_2_-_Thankful_Death__Part_2	1
-	ADJ	0	04x08_-_Sex_Pistols_Appears__Part_2_-_Six_b_ll_ts_Appears__Part_2	1
able	ADJ	4	04x08_-_Sex_Pistols_Appears__Part_2_-_Six_b_ll_ts_Appears__Part_2	4
absolute	ADJ	6	04x08_-_Sex_Pistols_Appears__Part_2_-_Six_b_ll_ts_Appears__Part_2	1
air	ADJ	15	04x08_-_Sex_Pistols_Appears__Part_2_-_Six_b_ll_ts_Appears__Part_2	1
alive	ADJ	7	04x08_-_Sex_Pistols_Appears__Part_2_-_Six_b_ll_ts_Appears__Part_2	1
bad	ADJ	17	04x08_-_Sex_Pistols_Appears__Part_2_-_Six_b_ll_ts_Appears__Part_2	6
busy	ADJ	6	04x08_-_Sex_Pistols_Appears__Part_2_-_Six_b_ll_ts_Appears__Part_2	1
certain	ADJ	7	04x08_-_Sex_Pistols_Appears__Part_2_-_Six_b_ll_ts_Appears__Part_2	1
charming	ADJ	6	04x08_-_Sex_Pistols_Appears__Part_2_-_Six_b_ll_ts_Appears__Part_2	1
clean	ADJ	31	04x08_-_Sex_Pistols_Appears__Part_2_-_Six_b_ll_ts_Appears__Part_2	1
clear	ADJ	45	04x08_-_Sex_Pistols_Appears__Part_2_-_Six_b_ll_ts_Appears__Part_2	1
close	ADJ	37	04x08_-_Sex_Pistols_Appears__Part_2_-_Six_b_ll_ts_Appears__Part_2	3
correct	ADJ	12	04x08_-_Sex_Pistols_Appears__Part_2_-_Six_b_ll_ts_Appears__Part_2	1
cute	ADJ	2	04x08_-_Sex_Pistols_Appears__Part_2_-_Six_b_ll_ts_Appears__Part_2	1
damn	ADJ	5	04x08_-_Sex_Pistols_Appears__Part_2_-_Six_b_ll_ts_Appears__Part_2	1
dangerous	ADJ	2	04x08_-_Sex_Pistols_Appears__Part_2_-_Six_b_ll_ts_Appears__Part_2	1
defenseless	ADJ	4	04x08_-_Sex_Pistols_Appears__Part_2_-_Six_b_ll_ts_Appears__Part_2	1
desperate	ADJ	7	04x08_-_Sex_Pistols_Appears__Part_2_-_Six_b_ll_ts_Appears__Part_2	1
determined	ADJ	13	04x08_-_Sex_Pistols_Appears__Part_2_-_Six_b_ll_ts_Appears__Part_2	1
easy	ADJ	15	04x08_-_Sex_Pistols_Appears__Part_2_-_Six_b_ll_ts_Appears__Part_2	1
ecstatic	ADJ	1	04x08_-_Sex_Pistols_Appears__Part_2_-_Six_b_ll_ts_Appears__Part_2	1
extra	ADJ	7	04x08_-_Sex_Pistols_Appears__Part_2_-_Six_b_ll_ts_Appears__Part_2	1
final	ADJ	5	04x08_-_Sex_Pistols_Appears__Part_2_-_Six_b_ll_ts_Appears__Part_2	1
first	ADJ	16	04x08_-_Sex_Pistols_Appears__Part_2_-_Six_b_ll_ts_Appears__Part_2	1
freakin	ADJ	0	04x08_-_Sex_Pistols_Appears__Part_2_-_Six_b_ll_ts_Appears__Part_2	2
full	ADJ	13	04x08_-_Sex_Pistols_Appears__Part_2_-_Six_b_ll_ts_Appears__Part_2	1
good	ADJ	27	04x08_-_Sex_Pistols_Appears__Part_2_-_Six_b_ll_ts_Appears__Part_2	3
happy	ADJ	4	04x08_-_Sex_Pistols_Appears__Part_2_-_Six_b_ll_ts_Appears__Part_2	1
hard	ADJ	22	04x08_-_Sex_Pistols_Appears__Part_2_-_Six_b_ll_ts_Appears__Part_2	1
helpless	ADJ	3	04x08_-_Sex_Pistols_Appears__Part_2_-_Six_b_ll_ts_Appears__Part_2	1
hypothetical	ADJ	2	04x08_-_Sex_Pistols_Appears__Part_2_-_Six_b_ll_ts_Appears__Part_2	1
impossible	ADJ	4	04x08_-_Sex_Pistols_Appears__Part_2_-_Six_b_ll_ts_Appears__Part_2	3
internal	ADJ	5	04x08_-_Sex_Pistols_Appears__Part_2_-_Six_b_ll_ts_Appears__Part_2	13
invincible	ADJ	1	04x08_-_Sex_Pistols_Appears__Part_2_-_Six_b_ll_ts_Appears__Part_2	2
lame	ADJ	5	04x08_-_Sex_Pistols_Appears__Part_2_-_Six_b_ll_ts_Appears__Part_2	1
last	ADJ	21	04x08_-_Sex_Pistols_Appears__Part_2_-_Six_b_ll_ts_Appears__Part_2	4
least	ADJ	3	04x08_-_Sex_Pistols_Appears__Part_2_-_Six_b_ll_ts_Appears__Part_2	1
left	ADJ	24	04x08_-_Sex_Pistols_Appears__Part_2_-_Six_b_ll_ts_Appears__Part_2	5
little	ADJ	10	04x08_-_Sex_Pistols_Appears__Part_2_-_Six_b_ll_ts_Appears__Part_2	6
long	ADJ	12	04x08_-_Sex_Pistols_Appears__Part_2_-_Six_b_ll_ts_Appears__Part_2	1
loose	ADJ	18	04x08_-_Sex_Pistols_Appears__Part_2_-_Six_b_ll_ts_Appears__Part_2	1
main	ADJ	5	04x08_-_Sex_Pistols_Appears__Part_2_-_Six_b_ll_ts_Appears__Part_2	19
many	ADJ	1	04x08_-_Sex_Pistols_Appears__Part_2_-_Six_b_ll_ts_Appears__Part_2	3
more	ADJ	5	04x08_-_Sex_Pistols_Appears__Part_2_-_Six_b_ll_ts_Appears__Part_2	3
much	ADJ	7	04x08_-_Sex_Pistols_Appears__Part_2_-_Six_b_ll_ts_Appears__Part_2	1
naked	ADJ	5	04x08_-_Sex_Pistols_Appears__Part_2_-_Six_b_ll_ts_Appears__Part_2	1
next	ADJ	4	04x08_-_Sex_Pistols_Appears__Part_2_-_Six_b_ll_ts_Appears__Part_2	1
nice	ADJ	6	04x08_-_Sex_Pistols_Appears__Part_2_-_Six_b_ll_ts_Appears__Part_2	2
normal	ADJ	5	04x08_-_Sex_Pistols_Appears__Part_2_-_Six_b_ll_ts_Appears__Part_2	1
only	ADJ	9	04x08_-_Sex_Pistols_Appears__Part_2_-_Six_b_ll_ts_Appears__Part_2	1
other	ADJ	4	04x08_-_Sex_Pistols_Appears__Part_2_-_Six_b_ll_ts_Appears__Part_2	1
ow	ADJ	0	04x08_-_Sex_Pistols_Appears__Part_2_-_Six_b_ll_ts_Appears__Part_2	1
own	ADJ	2	04x08_-_Sex_Pistols_Appears__Part_2_-_Six_b_ll_ts_Appears__Part_2	3
panicked	ADJ	3	04x08_-_Sex_Pistols_Appears__Part_2_-_Six_b_ll_ts_Appears__Part_2	2
perfect	ADJ	5	04x08_-_Sex_Pistols_Appears__Part_2_-_Six_b_ll_ts_Appears__Part_2	3
pointless	ADJ	2	04x08_-_Sex_Pistols_Appears__Part_2_-_Six_b_ll_ts_Appears__Part_2	2
possible	ADJ	4	04x08_-_Sex_Pistols_Appears__Part_2_-_Six_b_ll_ts_Appears__Part_2	1
puny	ADJ	2	04x08_-_Sex_Pistols_Appears__Part_2_-_Six_b_ll_ts_Appears__Part_2	1
quiet	ADJ	13	04x08_-_Sex_Pistols_Appears__Part_2_-_Six_b_ll_ts_Appears__Part_2	1
ready	ADJ	8	04x08_-_Sex_Pistols_Appears__Part_2_-_Six_b_ll_ts_Appears__Part_2	1
right	ADJ	36	04x08_-_Sex_Pistols_Appears__Part_2_-_Six_b_ll_ts_Appears__Part_2	3
safe	ADJ	7	04x08_-_Sex_Pistols_Appears__Part_2_-_Six_b_ll_ts_Appears__Part_2	1
same	ADJ	6	04x08_-_Sex_Pistols_Appears__Part_2_-_Six_b_ll_ts_Appears__Part_2	1
short	ADJ	23	04x08_-_Sex_Pistols_Appears__Part_2_-_Six_b_ll_ts_Appears__Part_2	1
simpleminded	ADJ	0	04x08_-_Sex_Pistols_Appears__Part_2_-_Six_b_ll_ts_Appears__Part_2	2
single	ADJ	10	04x08_-_Sex_Pistols_Appears__Part_2_-_Six_b_ll_ts_Appears__Part_2	3
sorry	ADJ	4	04x08_-_Sex_Pistols_Appears__Part_2_-_Six_b_ll_ts_Appears__Part_2	2
strong	ADJ	10	04x08_-_Sex_Pistols_Appears__Part_2_-_Six_b_ll_ts_Appears__Part_2	1
sure	ADJ	10	04x08_-_Sex_Pistols_Appears__Part_2_-_Six_b_ll_ts_Appears__Part_2	1
unlucky	ADJ	2	04x08_-_Sex_Pistols_Appears__Part_2_-_Six_b_ll_ts_Appears__Part_2	2
upper	ADJ	6	04x08_-_Sex_Pistols_Appears__Part_2_-_Six_b_ll_ts_Appears__Part_2	1
well	ADJ	22	04x08_-_Sex_Pistols_Appears__Part_2_-_Six_b_ll_ts_Appears__Part_2	2
willing	ADJ	6	04x08_-_Sex_Pistols_Appears__Part_2_-_Six_b_ll_ts_Appears__Part_2	1
wrong	ADJ	13	04x08_-_Sex_Pistols_Appears__Part_2_-_Six_b_ll_ts_Appears__Part_2	1
young	ADJ	14	04x08_-_Sex_Pistols_Appears__Part_2_-_Six_b_ll_ts_Appears__Part_2	1
\pos(,)\fs\c&hffffff&}burnable	ADJ	0	04x32_-_Green_Day_and_Oasis__Part_3_-_Green_Tea_and_Sanctuary__Part_3	1
able	ADJ	4	04x32_-_Green_Day_and_Oasis__Part_3_-_Green_Tea_and_Sanctuary__Part_3	4
about	ADJ	8	04x32_-_Green_Day_and_Oasis__Part_3_-_Green_Tea_and_Sanctuary__Part_3	2
actual	ADJ	5	04x32_-_Green_Day_and_Oasis__Part_3_-_Green_Tea_and_Sanctuary__Part_3	1
alive	ADJ	7	04x32_-_Green_Day_and_Oasis__Part_3_-_Green_Tea_and_Sanctuary__Part_3	1
annoying	ADJ	3	04x32_-_Green_Day_and_Oasis__Part_3_-_Green_Tea_and_Sanctuary__Part_3	1
aware	ADJ	2	04x32_-_Green_Day_and_Oasis__Part_3_-_Green_Tea_and_Sanctuary__Part_3	1
bad	ADJ	17	04x32_-_Green_Day_and_Oasis__Part_3_-_Green_Tea_and_Sanctuary__Part_3	1
big	ADJ	17	04x32_-_Green_Day_and_Oasis__Part_3_-_Green_Tea_and_Sanctuary__Part_3	1
brief	ADJ	6	04x32_-_Green_Day_and_Oasis__Part_3_-_Green_Tea_and_Sanctuary__Part_3	1
capable	ADJ	5	04x32_-_Green_Day_and_Oasis__Part_3_-_Green_Tea_and_Sanctuary__Part_3	1
close	ADJ	37	04x32_-_Green_Day_and_Oasis__Part_3_-_Green_Tea_and_Sanctuary__Part_3	3
coherent	ADJ	4	04x32_-_Green_Day_and_Oasis__Part_3_-_Green_Tea_and_Sanctuary__Part_3	1
cornered	ADJ	4	04x32_-_Green_Day_and_Oasis__Part_3_-_Green_Tea_and_Sanctuary__Part_3	1
different	ADJ	5	04x32_-_Green_Day_and_Oasis__Part_3_-_Green_Tea_and_Sanctuary__Part_3	2
easy	ADJ	15	04x32_-_Green_Day_and_Oasis__Part_3_-_Green_Tea_and_Sanctuary__Part_3	1
fast	ADJ	15	04x32_-_Green_Day_and_Oasis__Part_3_-_Green_Tea_and_Sanctuary__Part_3	1
french	ADJ	5	04x32_-_Green_Day_and_Oasis__Part_3_-_Green_Tea_and_Sanctuary__Part_3	1
good	ADJ	27	04x32_-_Green_Day_and_Oasis__Part_3_-_Green_Tea_and_Sanctuary__Part_3	1
honest	ADJ	7	04x32_-_Green_Day_and_Oasis__Part_3_-_Green_Tea_and_Sanctuary__Part_3	1
ironic	ADJ	2	04x32_-_Green_Day_and_Oasis__Part_3_-_Green_Tea_and_Sanctuary__Part_3	1
last	ADJ	21	04x32_-_Green_Day_and_Oasis__Part_3_-_Green_Tea_and_Sanctuary__Part_3	1
left	ADJ	24	04x32_-_Green_Day_and_Oasis__Part_3_-_Green_Tea_and_Sanctuary__Part_3	1
little	ADJ	10	04x32_-_Green_Day_and_Oasis__Part_3_-_Green_Tea_and_Sanctuary__Part_3	1
maximum	ADJ	4	04x32_-_Green_Day_and_Oasis__Part_3_-_Green_Tea_and_Sanctuary__Part_3	1
medieval	ADJ	3	04x32_-_Green_Day_and_Oasis__Part_3_-_Green_Tea_and_Sanctuary__Part_3	1
miraculous	ADJ	2	04x32_-_Green_Day_and_Oasis__Part_3_-_Green_Tea_and_Sanctuary__Part_3	1
more	ADJ	5	04x32_-_Green_Day_and_Oasis__Part_3_-_Green_Tea_and_Sanctuary__Part_3	3
mysterious	ADJ	2	04x32_-_Green_Day_and_Oasis__Part_3_-_Green_Tea_and_Sanctuary__Part_3	1
old	ADJ	9	04x32_-_Green_Day_and_Oasis__Part_3_-_Green_Tea_and_Sanctuary__Part_3	1
only	ADJ	9	04x32_-_Green_Day_and_Oasis__Part_3_-_Green_Tea_and_Sanctuary__Part_3	5
piss	ADJ	3	04x32_-_Green_Day_and_Oasis__Part_3_-_Green_Tea_and_Sanctuary__Part_3	1
possible	ADJ	4	04x32_-_Green_Day_and_Oasis__Part_3_-_Green_Tea_and_Sanctuary__Part_3	1
prepared	ADJ	11	04x32_-_Green_Day_and_Oasis__Part_3_-_Green_Tea_and_Sanctuary__Part_3	1
quick	ADJ	8	04x32_-_Green_Day_and_Oasis__Part_3_-_Green_Tea_and_Sanctuary__Part_3	2
right	ADJ	36	04x32_-_Green_Day_and_Oasis__Part_3_-_Green_Tea_and_Sanctuary__Part_3	1
sad	ADJ	3	04x32_-_Green_Day_and_Oasis__Part_3_-_Green_Tea_and_Sanctuary__Part_3	1
safe	ADJ	7	04x32_-_Green_Day_and_Oasis__Part_3_-_Green_Tea_and_Sanctuary__Part_3	1
second	ADJ	15	04x32_-_Green_Day_and_Oasis__Part_3_-_Green_Tea_and_Sanctuary__Part_3	1
secret	ADJ	14	04x32_-_Green_Day_and_Oasis__Part_3_-_Green_Tea_and_Sanctuary__Part_3	2
smart	ADJ	9	04x32_-_Green_Day_and_Oasis__Part_3_-_Green_Tea_and_Sanctuary__Part_3	1
soft	ADJ	20	04x32_-_Green_Day_and_Oasis__Part_3_-_Green_Tea_and_Sanctuary__Part_3	1
sound	ADJ	24	04x32_-_Green_Day_and_Oasis__Part_3_-_Green_Tea_and_Sanctuary__Part_3	1
strong	ADJ	10	04x32_-_Green_Day_and_Oasis__Part_3_-_Green_Tea_and_Sanctuary__Part_3	2
stupid	ADJ	4	04x32_-_Green_Day_and_Oasis__Part_3_-_Green_Tea_and_Sanctuary__Part_3	4
sure	ADJ	10	04x32_-_Green_Day_and_Oasis__Part_3_-_Green_Tea_and_Sanctuary__Part_3	2
true	ADJ	15	04x32_-_Green_Day_and_Oasis__Part_3_-_Green_Tea_and_Sanctuary__Part_3	2
unconscious	ADJ	4	04x32_-_Green_Day_and_Oasis__Part_3_-_Green_Tea_and_Sanctuary__Part_3	1
underground	ADJ	6	04x32_-_Green_Day_and_Oasis__Part_3_-_Green_Tea_and_Sanctuary__Part_3	1
unexpected	ADJ	1	04x32_-_Green_Day_and_Oasis__Part_3_-_Green_Tea_and_Sanctuary__Part_3	1
upper	ADJ	6	04x32_-_Green_Day_and_Oasis__Part_3_-_Green_Tea_and_Sanctuary__Part_3	1
useless	ADJ	1	04x32_-_Green_Day_and_Oasis__Part_3_-_Green_Tea_and_Sanctuary__Part_3	1
weak	ADJ	12	04x32_-_Green_Day_and_Oasis__Part_3_-_Green_Tea_and_Sanctuary__Part_3	1
weird	ADJ	3	04x32_-_Green_Day_and_Oasis__Part_3_-_Green_Tea_and_Sanctuary__Part_3	1
well	ADJ	22	04x32_-_Green_Day_and_Oasis__Part_3_-_Green_Tea_and_Sanctuary__Part_3	1
witted	ADJ	0	04x32_-_Green_Day_and_Oasis__Part_3_-_Green_Tea_and_Sanctuary__Part_3	1
-	ADJ	0	04x30_-_Green_Day_and_Oasis__Part_1_-_Green_Tea_and_Sanctuary__Part_1	1
able	ADJ	4	04x30_-_Green_Day_and_Oasis__Part_1_-_Green_Tea_and_Sanctuary__Part_1	4
alive	ADJ	7	04x30_-_Green_Day_and_Oasis__Part_1_-_Green_Tea_and_Sanctuary__Part_1	2
bad	ADJ	17	04x30_-_Green_Day_and_Oasis__Part_1_-_Green_Tea_and_Sanctuary__Part_1	1
certain	ADJ	7	04x30_-_Green_Day_and_Oasis__Part_1_-_Green_Tea_and_Sanctuary__Part_1	1
close	ADJ	37	04x30_-_Green_Day_and_Oasis__Part_1_-_Green_Tea_and_Sanctuary__Part_1	5
cold	ADJ	16	04x30_-_Green_Day_and_Oasis__Part_1_-_Green_Tea_and_Sanctuary__Part_1	2
compatible	ADJ	3	04x30_-_Green_Day_and_Oasis__Part_1_-_Green_Tea_and_Sanctuary__Part_1	1
cornered	ADJ	4	04x30_-_Green_Day_and_Oasis__Part_1_-_Green_Tea_and_Sanctuary__Part_1	1
cruel	ADJ	1	04x30_-_Green_Day_and_Oasis__Part_1_-_Green_Tea_and_Sanctuary__Part_1	1
curious	ADJ	3	04x30_-_Green_Day_and_Oasis__Part_1_-_Green_Tea_and_Sanctuary__Part_1	3
dead	ADJ	21	04x30_-_Green_Day_and_Oasis__Part_1_-_Green_Tea_and_Sanctuary__Part_1	2
desperate	ADJ	7	04x30_-_Green_Day_and_Oasis__Part_1_-_Green_Tea_and_Sanctuary__Part_1	1
different	ADJ	5	04x30_-_Green_Day_and_Oasis__Part_1_-_Green_Tea_and_Sanctuary__Part_1	1
evil	ADJ	6	04x30_-_Green_Day_and_Oasis__Part_1_-_Green_Tea_and_Sanctuary__Part_1	1
fast	ADJ	15	04x30_-_Green_Day_and_Oasis__Part_1_-_Green_Tea_and_Sanctuary__Part_1	2
fine	ADJ	10	04x30_-_Green_Day_and_Oasis__Part_1_-_Green_Tea_and_Sanctuary__Part_1	4
first	ADJ	16	04x30_-_Green_Day_and_Oasis__Part_1_-_Green_Tea_and_Sanctuary__Part_1	1
good	ADJ	27	04x30_-_Green_Day_and_Oasis__Part_1_-_Green_Tea_and_Sanctuary__Part_1	28
great	ADJ	7	04x30_-_Green_Day_and_Oasis__Part_1_-_Green_Tea_and_Sanctuary__Part_1	1
hard	ADJ	22	04x30_-_Green_Day_and_Oasis__Part_1_-_Green_Tea_and_Sanctuary__Part_1	4
important	ADJ	5	04x30_-_Green_Day_and_Oasis__Part_1_-_Green_Tea_and_Sanctuary__Part_1	3
impossible	ADJ	4	04x30_-_Green_Day_and_Oasis__Part_1_-_Green_Tea_and_Sanctuary__Part_1	6
inanimate	ADJ	3	04x30_-_Green_Day_and_Oasis__Part_1_-_Green_Tea_and_Sanctuary__Part_1	1
internal	ADJ	5	04x30_-_Green_Day_and_Oasis__Part_1_-_Green_Tea_and_Sanctuary__Part_1	4
little	ADJ	10	04x30_-_Green_Day_and_Oasis__Part_1_-_Green_Tea_and_Sanctuary__Part_1	2
low	ADJ	16	04x30_-_Green_Day_and_Oasis__Part_1_-_Green_Tea_and_Sanctuary__Part_1	1
mad	ADJ	4	04x30_-_Green_Day_and_Oasis__Part_1_-_Green_Tea_and_Sanctuary__Part_1	1
main	ADJ	5	04x30_-_Green_Day_and_Oasis__Part_1_-_Green_Tea_and_Sanctuary__Part_1	28
more	ADJ	5	04x30_-_Green_Day_and_Oasis__Part_1_-_Green_Tea_and_Sanctuary__Part_1	4
most	ADJ	5	04x30_-_Green_Day_and_Oasis__Part_1_-_Green_Tea_and_Sanctuary__Part_1	1
much	ADJ	7	04x30_-_Green_Day_and_Oasis__Part_1_-_Green_Tea_and_Sanctuary__Part_1	1
okay	ADJ	4	04x30_-_Green_Day_and_Oasis__Part_1_-_Green_Tea_and_Sanctuary__Part_1	2
only	ADJ	9	04x30_-_Green_Day_and_Oasis__Part_1_-_Green_Tea_and_Sanctuary__Part_1	1
other	ADJ	4	04x30_-_Green_Day_and_Oasis__Part_1_-_Green_Tea_and_Sanctuary__Part_1	3
perfect	ADJ	5	04x30_-_Green_Day_and_Oasis__Part_1_-_Green_Tea_and_Sanctuary__Part_1	1
powerful	ADJ	6	04x30_-_Green_Day_and_Oasis__Part_1_-_Green_Tea_and_Sanctuary__Part_1	2
red	ADJ	7	04x30_-_Green_Day_and_Oasis__Part_1_-_Green_Tea_and_Sanctuary__Part_1	1
right	ADJ	36	04x30_-_Green_Day_and_Oasis__Part_1_-_Green_Tea_and_Sanctuary__Part_1	5
similar	ADJ	5	04x30_-_Green_Day_and_Oasis__Part_1_-_Green_Tea_and_Sanctuary__Part_1	1
simple	ADJ	9	04x30_-_Green_Day_and_Oasis__Part_1_-_Green_Tea_and_Sanctuary__Part_1	1
slight	ADJ	5	04x30_-_Green_Day_and_Oasis__Part_1_-_Green_Tea_and_Sanctuary__Part_1	1
small	ADJ	13	04x30_-_Green_Day_and_Oasis__Part_1_-_Green_Tea_and_Sanctuary__Part_1	1
solid	ADJ	18	04x30_-_Green_Day_and_Oasis__Part_1_-_Green_Tea_and_Sanctuary__Part_1	2
strange	ADJ	3	04x30_-_Green_Day_and_Oasis__Part_1_-_Green_Tea_and_Sanctuary__Part_1	2
strong	ADJ	10	04x30_-_Green_Day_and_Oasis__Part_1_-_Green_Tea_and_Sanctuary__Part_1	2
subconscious	ADJ	2	04x30_-_Green_Day_and_Oasis__Part_1_-_Green_Tea_and_Sanctuary__Part_1	1
sure	ADJ	10	04x30_-_Green_Day_and_Oasis__Part_1_-_Green_Tea_and_Sanctuary__Part_1	3
sweet	ADJ	16	04x30_-_Green_Day_and_Oasis__Part_1_-_Green_Tea_and_Sanctuary__Part_1	1
terrifying	ADJ	2	04x30_-_Green_Day_and_Oasis__Part_1_-_Green_Tea_and_Sanctuary__Part_1	1
tiny	ADJ	1	04x30_-_Green_Day_and_Oasis__Part_1_-_Green_Tea_and_Sanctuary__Part_1	1
unbelievable	ADJ	2	04x30_-_Green_Day_and_Oasis__Part_1_-_Green_Tea_and_Sanctuary__Part_1	2
uphill	ADJ	4	04x30_-_Green_Day_and_Oasis__Part_1_-_Green_Tea_and_Sanctuary__Part_1	1
well	ADJ	22	04x30_-_Green_Day_and_Oasis__Part_1_-_Green_Tea_and_Sanctuary__Part_1	2
whole	ADJ	8	04x30_-_Green_Day_and_Oasis__Part_1_-_Green_Tea_and_Sanctuary__Part_1	1
wrong	ADJ	13	04x30_-_Green_Day_and_Oasis__Part_1_-_Green_Tea_and_Sanctuary__Part_1	2
able	ADJ	4	04x39_-_The_Sleeping_sl_ve	3
about	ADJ	8	04x39_-_The_Sleeping_sl_ve	1
alive	ADJ	7	04x39_-_The_Sleeping_sl_ve	1
bad	ADJ	17	04x39_-_The_Sleeping_sl_ve	4
calm	ADJ	8	04x39_-_The_Sleeping_sl_ve	1
careful	ADJ	5	04x39_-_The_Sleeping_sl_ve	1
close	ADJ	37	04x39_-_The_Sleeping_sl_ve	1
dangerous	ADJ	2	04x39_-_The_Sleeping_sl_ve	1
dead	ADJ	21	04x39_-_The_Sleeping_sl_ve	1
decent	ADJ	7	04x39_-_The_Sleeping_sl_ve	1
difficult	ADJ	2	04x39_-_The_Sleeping_sl_ve	1
early	ADJ	9	04x39_-_The_Sleeping_sl_ve	1
easy	ADJ	15	04x39_-_The_Sleeping_sl_ve	1
enough	ADJ	3	04x39_-_The_Sleeping_sl_ve	2
famous	ADJ	1	04x39_-_The_Sleeping_sl_ve	1
few	ADJ	2	04x39_-_The_Sleeping_sl_ve	3
fine	ADJ	10	04x39_-_The_Sleeping_sl_ve	1
funny	ADJ	5	04x39_-_The_Sleeping_sl_ve	1
good	ADJ	27	04x39_-_The_Sleeping_sl_ve	1
great	ADJ	7	04x39_-_The_Sleeping_sl_ve	4
hard	ADJ	22	04x39_-_The_Sleeping_sl_ve	2
healthy	ADJ	5	04x39_-_The_Sleeping_sl_ve	1
impossible	ADJ	4	04x39_-_The_Sleeping_sl_ve	2
internal	ADJ	5	04x39_-_The_Sleeping_sl_ve	6
last	ADJ	21	04x39_-_The_Sleeping_sl_ve	2
least	ADJ	3	04x39_-_The_Sleeping_sl_ve	1
main	ADJ	5	04x39_-_The_Sleeping_sl_ve	32
many	ADJ	1	04x39_-_The_Sleeping_sl_ve	1
more	ADJ	5	04x39_-_The_Sleeping_sl_ve	1
next	ADJ	4	04x39_-_The_Sleeping_sl_ve	1
nostalgic	ADJ	1	04x39_-_The_Sleeping_sl_ve	1
okay	ADJ	4	04x39_-_The_Sleeping_sl_ve	1
orderly	ADJ	4	04x39_-_The_Sleeping_sl_ve	1
own	ADJ	2	04x39_-_The_Sleeping_sl_ve	2
possible	ADJ	4	04x39_-_The_Sleeping_sl_ve	1
quick	ADJ	8	04x39_-_The_Sleeping_sl_ve	1
right	ADJ	36	04x39_-_The_Sleeping_sl_ve	5
same	ADJ	6	04x39_-_The_Sleeping_sl_ve	2
seventh	ADJ	4	04x39_-_The_Sleeping_sl_ve	1
sick	ADJ	9	04x39_-_The_Sleeping_sl_ve	1
sorry	ADJ	4	04x39_-_The_Sleeping_sl_ve	2
sure	ADJ	10	04x39_-_The_Sleeping_sl_ve	1
suspect	ADJ	6	04x39_-_The_Sleeping_sl_ve	1
true	ADJ	15	04x39_-_The_Sleeping_sl_ve	1
ultimate	ADJ	3	04x39_-_The_Sleeping_sl_ve	1
weird	ADJ	3	04x39_-_The_Sleeping_sl_ve	3
well	ADJ	22	04x39_-_The_Sleeping_sl_ve	1
willing	ADJ	6	04x39_-_The_Sleeping_sl_ve	1
wrong	ADJ	13	04x39_-_The_Sleeping_sl_ve	2
able	ADJ	4	04x18_-_Head_to_Venice__-_Verso_Venezia	3
about	ADJ	8	04x18_-_Head_to_Venice__-_Verso_Venezia	1
aboutthe	ADJ	0	04x18_-_Head_to_Venice__-_Verso_Venezia	1
asleep	ADJ	5	04x18_-_Head_to_Venice__-_Verso_Venezia	1
bad	ADJ	17	04x18_-_Head_to_Venice__-_Verso_Venezia	1
big	ADJ	17	04x18_-_Head_to_Venice__-_Verso_Venezia	1
blink	ADJ	4	04x18_-_Head_to_Venice__-_Verso_Venezia	1
bright	ADJ	11	04x18_-_Head_to_Venice__-_Verso_Venezia	1
careful	ADJ	5	04x18_-_Head_to_Venice__-_Verso_Venezia	3
cold	ADJ	16	04x18_-_Head_to_Venice__-_Verso_Venezia	2
correct	ADJ	12	04x18_-_Head_to_Venice__-_Verso_Venezia	1
damn	ADJ	5	04x18_-_Head_to_Venice__-_Verso_Venezia	1
different	ADJ	5	04x18_-_Head_to_Venice__-_Verso_Venezia	1
difficult	ADJ	2	04x18_-_Head_to_Venice__-_Verso_Venezia	2
direct	ADJ	24	04x18_-_Head_to_Venice__-_Verso_Venezia	1
effective	ADJ	6	04x18_-_Head_to_Venice__-_Verso_Venezia	1
english	ADJ	6	04x18_-_Head_to_Venice__-_Verso_Venezia	1
enough	ADJ	3	04x18_-_Head_to_Venice__-_Verso_Venezia	1
final	ADJ	5	04x18_-_Head_to_Venice__-_Verso_Venezia	2
first	ADJ	16	04x18_-_Head_to_Venice__-_Verso_Venezia	1
france?in	ADJ	0	04x18_-_Head_to_Venice__-_Verso_Venezia	1
friggin	ADJ	0	04x18_-_Head_to_Venice__-_Verso_Venezia	1
good	ADJ	27	04x18_-_Head_to_Venice__-_Verso_Venezia	2
hard	ADJ	22	04x18_-_Head_to_Venice__-_Verso_Venezia	1
hot	ADJ	21	04x18_-_Head_to_Venice__-_Verso_Venezia	1
huge	ADJ	1	04x18_-_Head_to_Venice__-_Verso_Venezia	1
important	ADJ	5	04x18_-_Head_to_Venice__-_Verso_Venezia	3
incredible	ADJ	1	04x18_-_Head_to_Venice__-_Verso_Venezia	1
infinite	ADJ	5	04x18_-_Head_to_Venice__-_Verso_Venezia	1
insane	ADJ	2	04x18_-_Head_to_Venice__-_Verso_Venezia	1
internal	ADJ	5	04x18_-_Head_to_Venice__-_Verso_Venezia	2
invincible	ADJ	1	04x18_-_Head_to_Venice__-_Verso_Venezia	2
italian	ADJ	3	04x18_-_Head_to_Venice__-_Verso_Venezia	1
left	ADJ	24	04x18_-_Head_to_Venice__-_Verso_Venezia	1
long	ADJ	12	04x18_-_Head_to_Venice__-_Verso_Venezia	1
low	ADJ	16	04x18_-_Head_to_Venice__-_Verso_Venezia	2
main	ADJ	5	04x18_-_Head_to_Venice__-_Verso_Venezia	41
marine	ADJ	7	04x18_-_Head_to_Venice__-_Verso_Venezia	1
more	ADJ	5	04x18_-_Head_to_Venice__-_Verso_Venezia	2
naïve	ADJ	0	04x18_-_Head_to_Venice__-_Verso_Venezia	1
new	ADJ	12	04x18_-_Head_to_Venice__-_Verso_Venezia	1
normal	ADJ	5	04x18_-_Head_to_Venice__-_Verso_Venezia	1
only	ADJ	9	04x18_-_Head_to_Venice__-_Verso_Venezia	2
optimistic	ADJ	2	04x18_-_Head_to_Venice__-_Verso_Venezia	1
own	ADJ	2	04x18_-_Head_to_Venice__-_Verso_Venezia	1
passionate	ADJ	1	04x18_-_Head_to_Venice__-_Verso_Venezia	1
powerful	ADJ	6	04x18_-_Head_to_Venice__-_Verso_Venezia	1
right	ADJ	36	04x18_-_Head_to_Venice__-_Verso_Venezia	3
safe	ADJ	7	04x18_-_Head_to_Venice__-_Verso_Venezia	1
same	ADJ	6	04x18_-_Head_to_Venice__-_Verso_Venezia	1
scared	ADJ	4	04x18_-_Head_to_Venice__-_Verso_Venezia	1
shallow	ADJ	6	04x18_-_Head_to_Venice__-_Verso_Venezia	1
short	ADJ	23	04x18_-_Head_to_Venice__-_Verso_Venezia	1
straight	ADJ	21	04x18_-_Head_to_Venice__-_Verso_Venezia	1
strong	ADJ	10	04x18_-_Head_to_Venice__-_Verso_Venezia	1
stupid	ADJ	4	04x18_-_Head_to_Venice__-_Verso_Venezia	1
sure	ADJ	10	04x18_-_Head_to_Venice__-_Verso_Venezia	5
tall	ADJ	5	04x18_-_Head_to_Venice__-_Verso_Venezia	1
unbelievable	ADJ	2	04x18_-_Head_to_Venice__-_Verso_Venezia	1
unturned	ADJ	1	04x18_-_Head_to_Venice__-_Verso_Venezia	2
unusual	ADJ	3	04x18_-_Head_to_Venice__-_Verso_Venezia	1
useful	ADJ	2	04x18_-_Head_to_Venice__-_Verso_Venezia	1
useless	ADJ	1	04x18_-_Head_to_Venice__-_Verso_Venezia	5
utmost	ADJ	4	04x18_-_Head_to_Venice__-_Verso_Venezia	1
venomous	ADJ	2	04x18_-_Head_to_Venice__-_Verso_Venezia	1
visible	ADJ	3	04x18_-_Head_to_Venice__-_Verso_Venezia	1
wealthy	ADJ	1	04x18_-_Head_to_Venice__-_Verso_Venezia	1
well	ADJ	22	04x18_-_Head_to_Venice__-_Verso_Venezia	1
wrong	ADJ	13	04x18_-_Head_to_Venice__-_Verso_Venezia	4
able	ADJ	4	04x27_-_King_Crimson_vs__Metallica_-_Emperor_Crimson_vs__Metallic	6
apparent	ADJ	2	04x27_-_King_Crimson_vs__Metallica_-_Emperor_Crimson_vs__Metallic	1
awful	ADJ	7	04x27_-_King_Crimson_vs__Metallica_-_Emperor_Crimson_vs__Metallic	1
calm	ADJ	8	04x27_-_King_Crimson_vs__Metallica_-_Emperor_Crimson_vs__Metallic	1
careful	ADJ	5	04x27_-_King_Crimson_vs__Metallica_-_Emperor_Crimson_vs__Metallic	2
certain	ADJ	7	04x27_-_King_Crimson_vs__Metallica_-_Emperor_Crimson_vs__Metallic	1
close	ADJ	37	04x27_-_King_Crimson_vs__Metallica_-_Emperor_Crimson_vs__Metallic	4
complete	ADJ	10	04x27_-_King_Crimson_vs__Metallica_-_Emperor_Crimson_vs__Metallic	3
correct	ADJ	12	04x27_-_King_Crimson_vs__Metallica_-_Emperor_Crimson_vs__Metallic	3
curious	ADJ	3	04x27_-_King_Crimson_vs__Metallica_-_Emperor_Crimson_vs__Metallic	1
damn	ADJ	5	04x27_-_King_Crimson_vs__Metallica_-_Emperor_Crimson_vs__Metallic	1
decent	ADJ	7	04x27_-_King_Crimson_vs__Metallica_-_Emperor_Crimson_vs__Metallic	1
different	ADJ	5	04x27_-_King_Crimson_vs__Metallica_-_Emperor_Crimson_vs__Metallic	1
easy	ADJ	15	04x27_-_King_Crimson_vs__Metallica_-_Emperor_Crimson_vs__Metallic	1
excessive	ADJ	2	04x27_-_King_Crimson_vs__Metallica_-_Emperor_Crimson_vs__Metallic	1
excited	ADJ	12	04x27_-_King_Crimson_vs__Metallica_-_Emperor_Crimson_vs__Metallic	2
few	ADJ	2	04x27_-_King_Crimson_vs__Metallica_-_Emperor_Crimson_vs__Metallic	6
first	ADJ	16	04x27_-_King_Crimson_vs__Metallica_-_Emperor_Crimson_vs__Metallic	1
full	ADJ	13	04x27_-_King_Crimson_vs__Metallica_-_Emperor_Crimson_vs__Metallic	1
further	ADJ	11	04x27_-_King_Crimson_vs__Metallica_-_Emperor_Crimson_vs__Metallic	1
future	ADJ	7	04x27_-_King_Crimson_vs__Metallica_-_Emperor_Crimson_vs__Metallic	2
good	ADJ	27	04x27_-_King_Crimson_vs__Metallica_-_Emperor_Crimson_vs__Metallic	4
horrible	ADJ	1	04x27_-_King_Crimson_vs__Metallica_-_Emperor_Crimson_vs__Metallic	1
ideal	ADJ	5	04x27_-_King_Crimson_vs__Metallica_-_Emperor_Crimson_vs__Metallic	1
important	ADJ	5	04x27_-_King_Crimson_vs__Metallica_-_Emperor_Crimson_vs__Metallic	2
impossible	ADJ	4	04x27_-_King_Crimson_vs__Metallica_-_Emperor_Crimson_vs__Metallic	2
interesting	ADJ	4	04x27_-_King_Crimson_vs__Metallica_-_Emperor_Crimson_vs__Metallic	1
internal	ADJ	5	04x27_-_King_Crimson_vs__Metallica_-_Emperor_Crimson_vs__Metallic	1
invisible	ADJ	2	04x27_-_King_Crimson_vs__Metallica_-_Emperor_Crimson_vs__Metallic	1
large	ADJ	11	04x27_-_King_Crimson_vs__Metallica_-_Emperor_Crimson_vs__Metallic	1
late	ADJ	11	04x27_-_King_Crimson_vs__Metallica_-_Emperor_Crimson_vs__Metallic	2
less	ADJ	5	04x27_-_King_Crimson_vs__Metallica_-_Emperor_Crimson_vs__Metallic	1
li'l	ADJ	0	04x27_-_King_Crimson_vs__Metallica_-_Emperor_Crimson_vs__Metallic	1
little	ADJ	10	04x27_-_King_Crimson_vs__Metallica_-_Emperor_Crimson_vs__Metallic	1
magnetic	ADJ	5	04x27_-_King_Crimson_vs__Metallica_-_Emperor_Crimson_vs__Metallic	1
main	ADJ	5	04x27_-_King_Crimson_vs__Metallica_-_Emperor_Crimson_vs__Metallic	51
many	ADJ	1	04x27_-_King_Crimson_vs__Metallica_-_Emperor_Crimson_vs__Metallic	1
more	ADJ	5	04x27_-_King_Crimson_vs__Metallica_-_Emperor_Crimson_vs__Metallic	6
much	ADJ	7	04x27_-_King_Crimson_vs__Metallica_-_Emperor_Crimson_vs__Metallic	1
multiple	ADJ	2	04x27_-_King_Crimson_vs__Metallica_-_Emperor_Crimson_vs__Metallic	1
next	ADJ	4	04x27_-_King_Crimson_vs__Metallica_-_Emperor_Crimson_vs__Metallic	5
only	ADJ	9	04x27_-_King_Crimson_vs__Metallica_-_Emperor_Crimson_vs__Metallic	3
own	ADJ	2	04x27_-_King_Crimson_vs__Metallica_-_Emperor_Crimson_vs__Metallic	2
physical	ADJ	7	04x27_-_King_Crimson_vs__Metallica_-_Emperor_Crimson_vs__Metallic	1
precious	ADJ	5	04x27_-_King_Crimson_vs__Metallica_-_Emperor_Crimson_vs__Metallic	1
precognitive	ADJ	1	04x27_-_King_Crimson_vs__Metallica_-_Emperor_Crimson_vs__Metallic	1
pro	ADJ	4	04x27_-_King_Crimson_vs__Metallica_-_Emperor_Crimson_vs__Metallic	1
right	ADJ	36	04x27_-_King_Crimson_vs__Metallica_-_Emperor_Crimson_vs__Metallic	4
same	ADJ	6	04x27_-_King_Crimson_vs__Metallica_-_Emperor_Crimson_vs__Metallic	2
second	ADJ	15	04x27_-_King_Crimson_vs__Metallica_-_Emperor_Crimson_vs__Metallic	1
sloppy	ADJ	6	04x27_-_King_Crimson_vs__Metallica_-_Emperor_Crimson_vs__Metallic	1
small	ADJ	13	04x27_-_King_Crimson_vs__Metallica_-_Emperor_Crimson_vs__Metallic	1
strange	ADJ	3	04x27_-_King_Crimson_vs__Metallica_-_Emperor_Crimson_vs__Metallic	1
sturdy	ADJ	3	04x27_-_King_Crimson_vs__Metallica_-_Emperor_Crimson_vs__Metallic	1
sure	ADJ	10	04x27_-_King_Crimson_vs__Metallica_-_Emperor_Crimson_vs__Metallic	2
true	ADJ	15	04x27_-_King_Crimson_vs__Metallica_-_Emperor_Crimson_vs__Metallic	3
unchangeable	ADJ	1	04x27_-_King_Crimson_vs__Metallica_-_Emperor_Crimson_vs__Metallic	1
upset	ADJ	17	04x27_-_King_Crimson_vs__Metallica_-_Emperor_Crimson_vs__Metallic	1
visible	ADJ	3	04x27_-_King_Crimson_vs__Metallica_-_Emperor_Crimson_vs__Metallic	1
worn	ADJ	11	04x27_-_King_Crimson_vs__Metallica_-_Emperor_Crimson_vs__Metallic	1
wrong	ADJ	13	04x27_-_King_Crimson_vs__Metallica_-_Emperor_Crimson_vs__Metallic	1
young	ADJ	14	04x27_-_King_Crimson_vs__Metallica_-_Emperor_Crimson_vs__Metallic	1
\an\pos(,)\fscx}the	ADJ	0	04x17_-_Baby_Face_-_Babyhead	1
\c&hdd&\c&hc&}rum{\c&hacf&}ble	ADJ	0	04x17_-_Baby_Face_-_Babyhead	1
able	ADJ	4	04x17_-_Baby_Face_-_Babyhead	5
about	ADJ	8	04x17_-_Baby_Face_-_Babyhead	1
alive	ADJ	7	04x17_-_Baby_Face_-_Babyhead	1
annoying	ADJ	3	04x17_-_Baby_Face_-_Babyhead	1
atrocious	ADJ	3	04x17_-_Baby_Face_-_Babyhead	1
automatic	ADJ	5	04x17_-_Baby_Face_-_Babyhead	1
bad	ADJ	17	04x17_-_Baby_Face_-_Babyhead	1
bellissimo	ADJ	0	04x17_-_Baby_Face_-_Babyhead	1
bummed	ADJ	2	04x17_-_Baby_Face_-_Babyhead	1
close	ADJ	37	04x17_-_Baby_Face_-_Babyhead	1
complete	ADJ	10	04x17_-_Baby_Face_-_Babyhead	2
correct	ADJ	12	04x17_-_Baby_Face_-_Babyhead	1
creepy	ADJ	2	04x17_-_Baby_Face_-_Babyhead	2
current	ADJ	4	04x17_-_Baby_Face_-_Babyhead	1
dangerous	ADJ	2	04x17_-_Baby_Face_-_Babyhead	1
dead	ADJ	21	04x17_-_Baby_Face_-_Babyhead	1
dear	ADJ	8	04x17_-_Baby_Face_-_Babyhead	1
different	ADJ	5	04x17_-_Baby_Face_-_Babyhead	1
dirty	ADJ	13	04x17_-_Baby_Face_-_Babyhead	2
dumb	ADJ	4	04x17_-_Baby_Face_-_Babyhead	1
early	ADJ	9	04x17_-_Baby_Face_-_Babyhead	1
exact	ADJ	4	04x17_-_Baby_Face_-_Babyhead	1
excellent	ADJ	1	04x17_-_Baby_Face_-_Babyhead	4
fine	ADJ	10	04x17_-_Baby_Face_-_Babyhead	1
first	ADJ	16	04x17_-_Baby_Face_-_Babyhead	1
glad	ADJ	5	04x17_-_Baby_Face_-_Babyhead	1
good	ADJ	27	04x17_-_Baby_Face_-_Babyhead	10
great	ADJ	7	04x17_-_Baby_Face_-_Babyhead	3
gross	ADJ	10	04x17_-_Baby_Face_-_Babyhead	2
handy	ADJ	4	04x17_-_Baby_Face_-_Babyhead	1
hard	ADJ	22	04x17_-_Baby_Face_-_Babyhead	1
harsh	ADJ	6	04x17_-_Baby_Face_-_Babyhead	1
human	ADJ	4	04x17_-_Baby_Face_-_Babyhead	1
hungry	ADJ	2	04x17_-_Baby_Face_-_Babyhead	1
idle	ADJ	10	04x17_-_Baby_Face_-_Babyhead	1
important	ADJ	5	04x17_-_Baby_Face_-_Babyhead	4
impossible	ADJ	4	04x17_-_Baby_Face_-_Babyhead	2
incorrect	ADJ	4	04x17_-_Baby_Face_-_Babyhead	1
internal	ADJ	5	04x17_-_Baby_Face_-_Babyhead	4
invincible	ADJ	1	04x17_-_Baby_Face_-_Babyhead	2
key	ADJ	21	04x17_-_Baby_Face_-_Babyhead	1
little	ADJ	10	04x17_-_Baby_Face_-_Babyhead	4
long	ADJ	12	04x17_-_Baby_Face_-_Babyhead	2
magnificent	ADJ	1	04x17_-_Baby_Face_-_Babyhead	1
main	ADJ	5	04x17_-_Baby_Face_-_Babyhead	26
more	ADJ	5	04x17_-_Baby_Face_-_Babyhead	4
mysterious	ADJ	2	04x17_-_Baby_Face_-_Babyhead	2
next	ADJ	4	04x17_-_Baby_Face_-_Babyhead	1
old	ADJ	9	04x17_-_Baby_Face_-_Babyhead	1
other	ADJ	4	04x17_-_Baby_Face_-_Babyhead	1
own	ADJ	2	04x17_-_Baby_Face_-_Babyhead	1
perfect	ADJ	5	04x17_-_Baby_Face_-_Babyhead	1
pissed	ADJ	3	04x17_-_Baby_Face_-_Babyhead	1
poor	ADJ	7	04x17_-_Baby_Face_-_Babyhead	1
proud	ADJ	2	04x17_-_Baby_Face_-_Babyhead	1
quiet	ADJ	13	04x17_-_Baby_Face_-_Babyhead	2
rid	ADJ	1	04x17_-_Baby_Face_-_Babyhead	1
right	ADJ	36	04x17_-_Baby_Face_-_Babyhead	2
safe	ADJ	7	04x17_-_Baby_Face_-_Babyhead	1
same	ADJ	6	04x17_-_Baby_Face_-_Babyhead	1
similar	ADJ	5	04x17_-_Baby_Face_-_Babyhead	1
single	ADJ	10	04x17_-_Baby_Face_-_Babyhead	1
slight	ADJ	5	04x17_-_Baby_Face_-_Babyhead	1
strange	ADJ	3	04x17_-_Baby_Face_-_Babyhead	1
strong	ADJ	10	04x17_-_Baby_Face_-_Babyhead	3
stupid	ADJ	4	04x17_-_Baby_Face_-_Babyhead	3
successful	ADJ	1	04x17_-_Baby_Face_-_Babyhead	1
sure	ADJ	10	04x17_-_Baby_Face_-_Babyhead	7
terrible	ADJ	4	04x17_-_Baby_Face_-_Babyhead	1
top	ADJ	22	04x17_-_Baby_Face_-_Babyhead	1
true	ADJ	15	04x17_-_Baby_Face_-_Babyhead	2
unbelievable	ADJ	2	04x17_-_Baby_Face_-_Babyhead	1
underway	ADJ	1	04x17_-_Baby_Face_-_Babyhead	1
whole	ADJ	8	04x17_-_Baby_Face_-_Babyhead	1
willed	ADJ	3	04x17_-_Baby_Face_-_Babyhead	1
wonderful	ADJ	1	04x17_-_Baby_Face_-_Babyhead	1
worried	ADJ	8	04x17_-_Baby_Face_-_Babyhead	1
wrong	ADJ	13	04x17_-_Baby_Face_-_Babyhead	2
able	ADJ	4	04x12_-_The_Second_Mission_from_the_Boss	2
average	ADJ	12	04x12_-_The_Second_Mission_from_the_Boss	1
bad	ADJ	17	04x12_-_The_Second_Mission_from_the_Boss	3
berserk	ADJ	2	04x12_-_The_Second_Mission_from_the_Boss	1
bizarre	ADJ	1	04x12_-_The_Second_Mission_from_the_Boss	1
careful	ADJ	5	04x12_-_The_Second_Mission_from_the_Boss	1
clean	ADJ	31	04x12_-_The_Second_Mission_from_the_Boss	1
close	ADJ	37	04x12_-_The_Second_Mission_from_the_Boss	2
concerned	ADJ	5	04x12_-_The_Second_Mission_from_the_Boss	1
current	ADJ	4	04x12_-_The_Second_Mission_from_the_Boss	1
dangerous	ADJ	2	04x12_-_The_Second_Mission_from_the_Boss	1
familiar	ADJ	7	04x12_-_The_Second_Mission_from_the_Boss	1
famous	ADJ	1	04x12_-_The_Second_Mission_from_the_Boss	1
fate	ADJ	4	04x12_-_The_Second_Mission_from_the_Boss	1
few	ADJ	2	04x12_-_The_Second_Mission_from_the_Boss	1
fierce	ADJ	4	04x12_-_The_Second_Mission_from_the_Boss	1
fine	ADJ	10	04x12_-_The_Second_Mission_from_the_Boss	1
first	ADJ	16	04x12_-_The_Second_Mission_from_the_Boss	2
former	ADJ	5	04x12_-_The_Second_Mission_from_the_Boss	1
full	ADJ	13	04x12_-_The_Second_Mission_from_the_Boss	1
gentle	ADJ	10	04x12_-_The_Second_Mission_from_the_Boss	1
good	ADJ	27	04x12_-_The_Second_Mission_from_the_Boss	5
guilty	ADJ	2	04x12_-_The_Second_Mission_from_the_Boss	1
high	ADJ	18	04x12_-_The_Second_Mission_from_the_Boss	1
horrifying	ADJ	2	04x12_-_The_Second_Mission_from_the_Boss	1
huge	ADJ	1	04x12_-_The_Second_Mission_from_the_Boss	1
important	ADJ	5	04x12_-_The_Second_Mission_from_the_Boss	3
impulsive	ADJ	5	04x12_-_The_Second_Mission_from_the_Boss	1
indoor	ADJ	2	04x12_-_The_Second_Mission_from_the_Boss	1
intelligent	ADJ	4	04x12_-_The_Second_Mission_from_the_Boss	2
interesting	ADJ	4	04x12_-_The_Second_Mission_from_the_Boss	1
internal	ADJ	5	04x12_-_The_Second_Mission_from_the_Boss	3
judicial	ADJ	4	04x12_-_The_Second_Mission_from_the_Boss	2
key	ADJ	21	04x12_-_The_Second_Mission_from_the_Boss	2
last	ADJ	21	04x12_-_The_Second_Mission_from_the_Boss	1
left	ADJ	24	04x12_-_The_Second_Mission_from_the_Boss	1
little	ADJ	10	04x12_-_The_Second_Mission_from_the_Boss	2
main	ADJ	5	04x12_-_The_Second_Mission_from_the_Boss	28
many	ADJ	1	04x12_-_The_Second_Mission_from_the_Boss	2
metabolic	ADJ	2	04x12_-_The_Second_Mission_from_the_Boss	1
more	ADJ	5	04x12_-_The_Second_Mission_from_the_Boss	1
mosaic	ADJ	7	04x12_-_The_Second_Mission_from_the_Boss	1
new	ADJ	12	04x12_-_The_Second_Mission_from_the_Boss	1
next	ADJ	4	04x12_-_The_Second_Mission_from_the_Boss	3
nice	ADJ	6	04x12_-_The_Second_Mission_from_the_Boss	1
normal	ADJ	5	04x12_-_The_Second_Mission_from_the_Boss	1
okay	ADJ	4	04x12_-_The_Second_Mission_from_the_Boss	1
only	ADJ	9	04x12_-_The_Second_Mission_from_the_Boss	1
open	ADJ	36	04x12_-_The_Second_Mission_from_the_Boss	1
other	ADJ	4	04x12_-_The_Second_Mission_from_the_Boss	1
own	ADJ	2	04x12_-_The_Second_Mission_from_the_Boss	2
paramount	ADJ	1	04x12_-_The_Second_Mission_from_the_Boss	1
peaceful	ADJ	2	04x12_-_The_Second_Mission_from_the_Boss	1
perfect	ADJ	5	04x12_-_The_Second_Mission_from_the_Boss	1
pissed	ADJ	3	04x12_-_The_Second_Mission_from_the_Boss	1
possible	ADJ	4	04x12_-_The_Second_Mission_from_the_Boss	3
prosperous	ADJ	4	04x12_-_The_Second_Mission_from_the_Boss	1
quick	ADJ	8	04x12_-_The_Second_Mission_from_the_Boss	1
random	ADJ	1	04x12_-_The_Second_Mission_from_the_Boss	2
right	ADJ	36	04x12_-_The_Second_Mission_from_the_Boss	5
safe	ADJ	7	04x12_-_The_Second_Mission_from_the_Boss	2
senseless	ADJ	4	04x12_-_The_Second_Mission_from_the_Boss	1
serious	ADJ	6	04x12_-_The_Second_Mission_from_the_Boss	1
sick	ADJ	9	04x12_-_The_Second_Mission_from_the_Boss	1
single	ADJ	10	04x12_-_The_Second_Mission_from_the_Boss	1
sure	ADJ	10	04x12_-_The_Second_Mission_from_the_Boss	6
tragic	ADJ	2	04x12_-_The_Second_Mission_from_the_Boss	1
true	ADJ	15	04x12_-_The_Second_Mission_from_the_Boss	1
unable	ADJ	3	04x12_-_The_Second_Mission_from_the_Boss	1
unfortunate	ADJ	4	04x12_-_The_Second_Mission_from_the_Boss	1
violent	ADJ	5	04x12_-_The_Second_Mission_from_the_Boss	2
wealthy	ADJ	1	04x12_-_The_Second_Mission_from_the_Boss	1
willing	ADJ	6	04x12_-_The_Second_Mission_from_the_Boss	1
worried	ADJ	8	04x12_-_The_Second_Mission_from_the_Boss	1
wrong	ADJ	13	04x12_-_The_Second_Mission_from_the_Boss	1
young	ADJ	14	04x12_-_The_Second_Mission_from_the_Boss	2
able	ADJ	4	04x03_-_Meet_the_Gangster_Behind_the_Wall_-_Meet_the_Mafioso_Behind_the_Wall	4
amusing	ADJ	4	04x03_-_Meet_the_Gangster_Behind_the_Wall_-_Meet_the_Mafioso_Behind_the_Wall	1
asleep	ADJ	5	04x03_-_Meet_the_Gangster_Behind_the_Wall_-_Meet_the_Mafioso_Behind_the_Wall	1
bad	ADJ	17	04x03_-_Meet_the_Gangster_Behind_the_Wall_-_Meet_the_Mafioso_Behind_the_Wall	2
capable	ADJ	5	04x03_-_Meet_the_Gangster_Behind_the_Wall_-_Meet_the_Mafioso_Behind_the_Wall	2
careful	ADJ	5	04x03_-_Meet_the_Gangster_Behind_the_Wall_-_Meet_the_Mafioso_Behind_the_Wall	3
certain	ADJ	7	04x03_-_Meet_the_Gangster_Behind_the_Wall_-_Meet_the_Mafioso_Behind_the_Wall	1
close	ADJ	37	04x03_-_Meet_the_Gangster_Behind_the_Wall_-_Meet_the_Mafioso_Behind_the_Wall	4
correct	ADJ	12	04x03_-_Meet_the_Gangster_Behind_the_Wall_-_Meet_the_Mafioso_Behind_the_Wall	1
daily	ADJ	5	04x03_-_Meet_the_Gangster_Behind_the_Wall_-_Meet_the_Mafioso_Behind_the_Wall	2
dead	ADJ	21	04x03_-_Meet_the_Gangster_Behind_the_Wall_-_Meet_the_Mafioso_Behind_the_Wall	2
delicious	ADJ	3	04x03_-_Meet_the_Gangster_Behind_the_Wall_-_Meet_the_Mafioso_Behind_the_Wall	1
different	ADJ	5	04x03_-_Meet_the_Gangster_Behind_the_Wall_-_Meet_the_Mafioso_Behind_the_Wall	1
exquisite	ADJ	4	04x03_-_Meet_the_Gangster_Behind_the_Wall_-_Meet_the_Mafioso_Behind_the_Wall	1
few	ADJ	2	04x03_-_Meet_the_Gangster_Behind_the_Wall_-_Meet_the_Mafioso_Behind_the_Wall	1
fine	ADJ	10	04x03_-_Meet_the_Gangster_Behind_the_Wall_-_Meet_the_Mafioso_Behind_the_Wall	1
first	ADJ	16	04x03_-_Meet_the_Gangster_Behind_the_Wall_-_Meet_the_Mafioso_Behind_the_Wall	2
forbidden	ADJ	3	04x03_-_Meet_the_Gangster_Behind_the_Wall_-_Meet_the_Mafioso_Behind_the_Wall	1
free	ADJ	22	04x03_-_Meet_the_Gangster_Behind_the_Wall_-_Meet_the_Mafioso_Behind_the_Wall	1
glad	ADJ	5	04x03_-_Meet_the_Gangster_Behind_the_Wall_-_Meet_the_Mafioso_Behind_the_Wall	1
golden	ADJ	6	04x03_-_Meet_the_Gangster_Behind_the_Wall_-_Meet_the_Mafioso_Behind_the_Wall	2
good	ADJ	27	04x03_-_Meet_the_Gangster_Behind_the_Wall_-_Meet_the_Mafioso_Behind_the_Wall	5
great	ADJ	7	04x03_-_Meet_the_Gangster_Behind_the_Wall_-_Meet_the_Mafioso_Behind_the_Wall	2
hard	ADJ	22	04x03_-_Meet_the_Gangster_Behind_the_Wall_-_Meet_the_Mafioso_Behind_the_Wall	1
honorable	ADJ	4	04x03_-_Meet_the_Gangster_Behind_the_Wall_-_Meet_the_Mafioso_Behind_the_Wall	1
important	ADJ	5	04x03_-_Meet_the_Gangster_Behind_the_Wall_-_Meet_the_Mafioso_Behind_the_Wall	4
impressive	ADJ	2	04x03_-_Meet_the_Gangster_Behind_the_Wall_-_Meet_the_Mafioso_Behind_the_Wall	1
internal	ADJ	5	04x03_-_Meet_the_Gangster_Behind_the_Wall_-_Meet_the_Mafioso_Behind_the_Wall	13
japanese	ADJ	3	04x03_-_Meet_the_Gangster_Behind_the_Wall_-_Meet_the_Mafioso_Behind_the_Wall	1
left	ADJ	24	04x03_-_Meet_the_Gangster_Behind_the_Wall_-_Meet_the_Mafioso_Behind_the_Wall	1
light	ADJ	47	04x03_-_Meet_the_Gangster_Behind_the_Wall_-_Meet_the_Mafioso_Behind_the_Wall	19
main	ADJ	5	04x03_-_Meet_the_Gangster_Behind_the_Wall_-_Meet_the_Mafioso_Behind_the_Wall	28
more	ADJ	5	04x03_-_Meet_the_Gangster_Behind_the_Wall_-_Meet_the_Mafioso_Behind_the_Wall	2
much	ADJ	7	04x03_-_Meet_the_Gangster_Behind_the_Wall_-_Meet_the_Mafioso_Behind_the_Wall	1
next	ADJ	4	04x03_-_Meet_the_Gangster_Behind_the_Wall_-_Meet_the_Mafioso_Behind_the_Wall	3
old	ADJ	9	04x03_-_Meet_the_Gangster_Behind_the_Wall_-_Meet_the_Mafioso_Behind_the_Wall	2
only	ADJ	9	04x03_-_Meet_the_Gangster_Behind_the_Wall_-_Meet_the_Mafioso_Behind_the_Wall	3
open	ADJ	36	04x03_-_Meet_the_Gangster_Behind_the_Wall_-_Meet_the_Mafioso_Behind_the_Wall	1
other	ADJ	4	04x03_-_Meet_the_Gangster_Behind_the_Wall_-_Meet_the_Mafioso_Behind_the_Wall	3
own	ADJ	2	04x03_-_Meet_the_Gangster_Behind_the_Wall_-_Meet_the_Mafioso_Behind_the_Wall	2
possible	ADJ	4	04x03_-_Meet_the_Gangster_Behind_the_Wall_-_Meet_the_Mafioso_Behind_the_Wall	2
real	ADJ	13	04x03_-_Meet_the_Gangster_Behind_the_Wall_-_Meet_the_Mafioso_Behind_the_Wall	1
reckless	ADJ	2	04x03_-_Meet_the_Gangster_Behind_the_Wall_-_Meet_the_Mafioso_Behind_the_Wall	1
red	ADJ	7	04x03_-_Meet_the_Gangster_Behind_the_Wall_-_Meet_the_Mafioso_Behind_the_Wall	1
right	ADJ	36	04x03_-_Meet_the_Gangster_Behind_the_Wall_-_Meet_the_Mafioso_Behind_the_Wall	6
safe	ADJ	7	04x03_-_Meet_the_Gangster_Behind_the_Wall_-_Meet_the_Mafioso_Behind_the_Wall	1
same	ADJ	6	04x03_-_Meet_the_Gangster_Behind_the_Wall_-_Meet_the_Mafioso_Behind_the_Wall	1
serious	ADJ	6	04x03_-_Meet_the_Gangster_Behind_the_Wall_-_Meet_the_Mafioso_Behind_the_Wall	1
simple	ADJ	9	04x03_-_Meet_the_Gangster_Behind_the_Wall_-_Meet_the_Mafioso_Behind_the_Wall	1
slight	ADJ	5	04x03_-_Meet_the_Gangster_Behind_the_Wall_-_Meet_the_Mafioso_Behind_the_Wall	1
smart	ADJ	9	04x03_-_Meet_the_Gangster_Behind_the_Wall_-_Meet_the_Mafioso_Behind_the_Wall	1
sorry	ADJ	4	04x03_-_Meet_the_Gangster_Behind_the_Wall_-_Meet_the_Mafioso_Behind_the_Wall	1
startled	ADJ	3	04x03_-_Meet_the_Gangster_Behind_the_Wall_-_Meet_the_Mafioso_Behind_the_Wall	1
strange	ADJ	3	04x03_-_Meet_the_Gangster_Behind_the_Wall_-_Meet_the_Mafioso_Behind_the_Wall	1
sudden	ADJ	1	04x03_-_Meet_the_Gangster_Behind_the_Wall_-_Meet_the_Mafioso_Behind_the_Wall	1
sure	ADJ	10	04x03_-_Meet_the_Gangster_Behind_the_Wall_-_Meet_the_Mafioso_Behind_the_Wall	7
th	ADJ	2	04x03_-_Meet_the_Gangster_Behind_the_Wall_-_Meet_the_Mafioso_Behind_the_Wall	1
true	ADJ	15	04x03_-_Meet_the_Gangster_Behind_the_Wall_-_Meet_the_Mafioso_Behind_the_Wall	1
trustworthy	ADJ	2	04x03_-_Meet_the_Gangster_Behind_the_Wall_-_Meet_the_Mafioso_Behind_the_Wall	2
uninjured	ADJ	1	04x03_-_Meet_the_Gangster_Behind_the_Wall_-_Meet_the_Mafioso_Behind_the_Wall	1
untrustworthy	ADJ	1	04x03_-_Meet_the_Gangster_Behind_the_Wall_-_Meet_the_Mafioso_Behind_the_Wall	1
useful	ADJ	2	04x03_-_Meet_the_Gangster_Behind_the_Wall_-_Meet_the_Mafioso_Behind_the_Wall	1
whole	ADJ	8	04x03_-_Meet_the_Gangster_Behind_the_Wall_-_Meet_the_Mafioso_Behind_the_Wall	1
wrong	ADJ	13	04x03_-_Meet_the_Gangster_Behind_the_Wall_-_Meet_the_Mafioso_Behind_the_Wall	2
able	ADJ	4	04x21_-_The_Mystery_of_King_Crimson_-_The_Mystery_of_Emperor_Crimson	4
alive	ADJ	7	04x21_-_The_Mystery_of_King_Crimson_-_The_Mystery_of_Emperor_Crimson	2
arrogant	ADJ	1	04x21_-_The_Mystery_of_King_Crimson_-_The_Mystery_of_Emperor_Crimson	1
awake	ADJ	3	04x21_-_The_Mystery_of_King_Crimson_-_The_Mystery_of_Emperor_Crimson	1
bizarre	ADJ	1	04x21_-_The_Mystery_of_King_Crimson_-_The_Mystery_of_Emperor_Crimson	1
blunt	ADJ	9	04x21_-_The_Mystery_of_King_Crimson_-_The_Mystery_of_Emperor_Crimson	1
careful	ADJ	5	04x21_-_The_Mystery_of_King_Crimson_-_The_Mystery_of_Emperor_Crimson	1
certain	ADJ	7	04x21_-_The_Mystery_of_King_Crimson_-_The_Mystery_of_Emperor_Crimson	1
close	ADJ	37	04x21_-_The_Mystery_of_King_Crimson_-_The_Mystery_of_Emperor_Crimson	4
confident	ADJ	3	04x21_-_The_Mystery_of_King_Crimson_-_The_Mystery_of_Emperor_Crimson	1
correct	ADJ	12	04x21_-_The_Mystery_of_King_Crimson_-_The_Mystery_of_Emperor_Crimson	1
dead	ADJ	21	04x21_-_The_Mystery_of_King_Crimson_-_The_Mystery_of_Emperor_Crimson	1
different	ADJ	5	04x21_-_The_Mystery_of_King_Crimson_-_The_Mystery_of_Emperor_Crimson	2
dirty	ADJ	13	04x21_-_The_Mystery_of_King_Crimson_-_The_Mystery_of_Emperor_Crimson	1
dizzy	ADJ	3	04x21_-_The_Mystery_of_King_Crimson_-_The_Mystery_of_Emperor_Crimson	1
elite	ADJ	2	04x21_-_The_Mystery_of_King_Crimson_-_The_Mystery_of_Emperor_Crimson	1
exact	ADJ	4	04x21_-_The_Mystery_of_King_Crimson_-_The_Mystery_of_Emperor_Crimson	1
few	ADJ	2	04x21_-_The_Mystery_of_King_Crimson_-_The_Mystery_of_Emperor_Crimson	1
fine	ADJ	10	04x21_-_The_Mystery_of_King_Crimson_-_The_Mystery_of_Emperor_Crimson	1
first	ADJ	16	04x21_-_The_Mystery_of_King_Crimson_-_The_Mystery_of_Emperor_Crimson	2
foolish	ADJ	2	04x21_-_The_Mystery_of_King_Crimson_-_The_Mystery_of_Emperor_Crimson	1
futile	ADJ	2	04x21_-_The_Mystery_of_King_Crimson_-_The_Mystery_of_Emperor_Crimson	2
future	ADJ	7	04x21_-_The_Mystery_of_King_Crimson_-_The_Mystery_of_Emperor_Crimson	1
good	ADJ	27	04x21_-_The_Mystery_of_King_Crimson_-_The_Mystery_of_Emperor_Crimson	3
greedy	ADJ	3	04x21_-_The_Mystery_of_King_Crimson_-_The_Mystery_of_Emperor_Crimson	1
hungry	ADJ	2	04x21_-_The_Mystery_of_King_Crimson_-_The_Mystery_of_Emperor_Crimson	1
impossible	ADJ	4	04x21_-_The_Mystery_of_King_Crimson_-_The_Mystery_of_Emperor_Crimson	2
injured	ADJ	4	04x21_-_The_Mystery_of_King_Crimson_-_The_Mystery_of_Emperor_Crimson	1
insane	ADJ	2	04x21_-_The_Mystery_of_King_Crimson_-_The_Mystery_of_Emperor_Crimson	2
internal	ADJ	5	04x21_-_The_Mystery_of_King_Crimson_-_The_Mystery_of_Emperor_Crimson	7
invincible	ADJ	1	04x21_-_The_Mystery_of_King_Crimson_-_The_Mystery_of_Emperor_Crimson	2
keen	ADJ	7	04x21_-_The_Mystery_of_King_Crimson_-_The_Mystery_of_Emperor_Crimson	1
left	ADJ	24	04x21_-_The_Mystery_of_King_Crimson_-_The_Mystery_of_Emperor_Crimson	1
little	ADJ	10	04x21_-_The_Mystery_of_King_Crimson_-_The_Mystery_of_Emperor_Crimson	3
long	ADJ	12	04x21_-_The_Mystery_of_King_Crimson_-_The_Mystery_of_Emperor_Crimson	2
main	ADJ	5	04x21_-_The_Mystery_of_King_Crimson_-_The_Mystery_of_Emperor_Crimson	23
mista	ADJ	0	04x21_-_The_Mystery_of_King_Crimson_-_The_Mystery_of_Emperor_Crimson	1
more	ADJ	5	04x21_-_The_Mystery_of_King_Crimson_-_The_Mystery_of_Emperor_Crimson	2
next	ADJ	4	04x21_-_The_Mystery_of_King_Crimson_-_The_Mystery_of_Emperor_Crimson	1
normal	ADJ	5	04x21_-_The_Mystery_of_King_Crimson_-_The_Mystery_of_Emperor_Crimson	1
okay	ADJ	4	04x21_-_The_Mystery_of_King_Crimson_-_The_Mystery_of_Emperor_Crimson	1
ongoing	ADJ	1	04x21_-_The_Mystery_of_King_Crimson_-_The_Mystery_of_Emperor_Crimson	1
only	ADJ	9	04x21_-_The_Mystery_of_King_Crimson_-_The_Mystery_of_Emperor_Crimson	2
other	ADJ	4	04x21_-_The_Mystery_of_King_Crimson_-_The_Mystery_of_Emperor_Crimson	1
own	ADJ	2	04x21_-_The_Mystery_of_King_Crimson_-_The_Mystery_of_Emperor_Crimson	6
pointless	ADJ	2	04x21_-_The_Mystery_of_King_Crimson_-_The_Mystery_of_Emperor_Crimson	1
possible	ADJ	4	04x21_-_The_Mystery_of_King_Crimson_-_The_Mystery_of_Emperor_Crimson	2
precise	ADJ	2	04x21_-_The_Mystery_of_King_Crimson_-_The_Mystery_of_Emperor_Crimson	1
real	ADJ	13	04x21_-_The_Mystery_of_King_Crimson_-_The_Mystery_of_Emperor_Crimson	1
rich	ADJ	13	04x21_-_The_Mystery_of_King_Crimson_-_The_Mystery_of_Emperor_Crimson	1
right	ADJ	36	04x21_-_The_Mystery_of_King_Crimson_-_The_Mystery_of_Emperor_Crimson	10
righteous	ADJ	2	04x21_-_The_Mystery_of_King_Crimson_-_The_Mystery_of_Emperor_Crimson	1
safe	ADJ	7	04x21_-_The_Mystery_of_King_Crimson_-_The_Mystery_of_Emperor_Crimson	1
same	ADJ	6	04x21_-_The_Mystery_of_King_Crimson_-_The_Mystery_of_Emperor_Crimson	1
scared	ADJ	4	04x21_-_The_Mystery_of_King_Crimson_-_The_Mystery_of_Emperor_Crimson	2
serious	ADJ	6	04x21_-_The_Mystery_of_King_Crimson_-_The_Mystery_of_Emperor_Crimson	2
sheer	ADJ	8	04x21_-_The_Mystery_of_King_Crimson_-_The_Mystery_of_Emperor_Crimson	1
short	ADJ	23	04x21_-_The_Mystery_of_King_Crimson_-_The_Mystery_of_Emperor_Crimson	2
single	ADJ	10	04x21_-_The_Mystery_of_King_Crimson_-_The_Mystery_of_Emperor_Crimson	1
smart	ADJ	9	04x21_-_The_Mystery_of_King_Crimson_-_The_Mystery_of_Emperor_Crimson	1
sorry	ADJ	4	04x21_-_The_Mystery_of_King_Crimson_-_The_Mystery_of_Emperor_Crimson	1
straight	ADJ	21	04x21_-_The_Mystery_of_King_Crimson_-_The_Mystery_of_Emperor_Crimson	1
strange	ADJ	3	04x21_-_The_Mystery_of_King_Crimson_-_The_Mystery_of_Emperor_Crimson	1
sure	ADJ	10	04x21_-_The_Mystery_of_King_Crimson_-_The_Mystery_of_Emperor_Crimson	1
sweet	ADJ	16	04x21_-_The_Mystery_of_King_Crimson_-_The_Mystery_of_Emperor_Crimson	1
thank	ADJ	1	04x21_-_The_Mystery_of_King_Crimson_-_The_Mystery_of_Emperor_Crimson	1
thirsty	ADJ	4	04x21_-_The_Mystery_of_King_Crimson_-_The_Mystery_of_Emperor_Crimson	1
true	ADJ	15	04x21_-_The_Mystery_of_King_Crimson_-_The_Mystery_of_Emperor_Crimson	2
unknown	ADJ	8	04x21_-_The_Mystery_of_King_Crimson_-_The_Mystery_of_Emperor_Crimson	1
vain	ADJ	2	04x21_-_The_Mystery_of_King_Crimson_-_The_Mystery_of_Emperor_Crimson	1
weird	ADJ	3	04x21_-_The_Mystery_of_King_Crimson_-_The_Mystery_of_Emperor_Crimson	1
whole	ADJ	8	04x21_-_The_Mystery_of_King_Crimson_-_The_Mystery_of_Emperor_Crimson	1
willing	ADJ	6	04x21_-_The_Mystery_of_King_Crimson_-_The_Mystery_of_Emperor_Crimson	1
worried	ADJ	8	04x21_-_The_Mystery_of_King_Crimson_-_The_Mystery_of_Emperor_Crimson	1
wrong	ADJ	13	04x21_-_The_Mystery_of_King_Crimson_-_The_Mystery_of_Emperor_Crimson	4
More	ADJ	5	04x11_-_Narancia_s_Aerosmith_-_Narancia_s_Li_l_Bomber	1
able	ADJ	4	04x11_-_Narancia_s_Aerosmith_-_Narancia_s_Li_l_Bomber	4
about	ADJ	8	04x11_-_Narancia_s_Aerosmith_-_Narancia_s_Li_l_Bomber	1
afraid	ADJ	4	04x11_-_Narancia_s_Aerosmith_-_Narancia_s_Li_l_Bomber	1
alone	ADJ	6	04x11_-_Narancia_s_Aerosmith_-_Narancia_s_Li_l_Bomber	1
awful	ADJ	7	04x11_-_Narancia_s_Aerosmith_-_Narancia_s_Li_l_Bomber	1
big	ADJ	17	04x11_-_Narancia_s_Aerosmith_-_Narancia_s_Li_l_Bomber	2
black	ADJ	22	04x11_-_Narancia_s_Aerosmith_-_Narancia_s_Li_l_Bomber	1
blonde	ADJ	3	04x11_-_Narancia_s_Aerosmith_-_Narancia_s_Li_l_Bomber	3
clever	ADJ	3	04x11_-_Narancia_s_Aerosmith_-_Narancia_s_Li_l_Bomber	1
close	ADJ	37	04x11_-_Narancia_s_Aerosmith_-_Narancia_s_Li_l_Bomber	1
confident	ADJ	3	04x11_-_Narancia_s_Aerosmith_-_Narancia_s_Li_l_Bomber	1
conscious	ADJ	3	04x11_-_Narancia_s_Aerosmith_-_Narancia_s_Li_l_Bomber	1
crisp	ADJ	9	04x11_-_Narancia_s_Aerosmith_-_Narancia_s_Li_l_Bomber	1
damn	ADJ	5	04x11_-_Narancia_s_Aerosmith_-_Narancia_s_Li_l_Bomber	2
deadly	ADJ	8	04x11_-_Narancia_s_Aerosmith_-_Narancia_s_Li_l_Bomber	1
decent	ADJ	7	04x11_-_Narancia_s_Aerosmith_-_Narancia_s_Li_l_Bomber	2
delinquent	ADJ	4	04x11_-_Narancia_s_Aerosmith_-_Narancia_s_Li_l_Bomber	1
desperate	ADJ	7	04x11_-_Narancia_s_Aerosmith_-_Narancia_s_Li_l_Bomber	1
different	ADJ	5	04x11_-_Narancia_s_Aerosmith_-_Narancia_s_Li_l_Bomber	1
difficult	ADJ	2	04x11_-_Narancia_s_Aerosmith_-_Narancia_s_Li_l_Bomber	1
digestive	ADJ	2	04x11_-_Narancia_s_Aerosmith_-_Narancia_s_Li_l_Bomber	3
dumb	ADJ	4	04x11_-_Narancia_s_Aerosmith_-_Narancia_s_Li_l_Bomber	1
easy	ADJ	15	04x11_-_Narancia_s_Aerosmith_-_Narancia_s_Li_l_Bomber	1
fast	ADJ	15	04x11_-_Narancia_s_Aerosmith_-_Narancia_s_Li_l_Bomber	2
fate	ADJ	4	04x11_-_Narancia_s_Aerosmith_-_Narancia_s_Li_l_Bomber	1
few	ADJ	2	04x11_-_Narancia_s_Aerosmith_-_Narancia_s_Li_l_Bomber	2
filthy	ADJ	3	04x11_-_Narancia_s_Aerosmith_-_Narancia_s_Li_l_Bomber	1
first	ADJ	16	04x11_-_Narancia_s_Aerosmith_-_Narancia_s_Li_l_Bomber	1
good	ADJ	27	04x11_-_Narancia_s_Aerosmith_-_Narancia_s_Li_l_Bomber	3
great	ADJ	7	04x11_-_Narancia_s_Aerosmith_-_Narancia_s_Li_l_Bomber	2
harmless	ADJ	1	04x11_-_Narancia_s_Aerosmith_-_Narancia_s_Li_l_Bomber	1
important	ADJ	5	04x11_-_Narancia_s_Aerosmith_-_Narancia_s_Li_l_Bomber	1
incomplete	ADJ	2	04x11_-_Narancia_s_Aerosmith_-_Narancia_s_Li_l_Bomber	1
internal	ADJ	5	04x11_-_Narancia_s_Aerosmith_-_Narancia_s_Li_l_Bomber	4
juvenile	ADJ	3	04x11_-_Narancia_s_Aerosmith_-_Narancia_s_Li_l_Bomber	2
key	ADJ	21	04x11_-_Narancia_s_Aerosmith_-_Narancia_s_Li_l_Bomber	1
last	ADJ	21	04x11_-_Narancia_s_Aerosmith_-_Narancia_s_Li_l_Bomber	1
less	ADJ	5	04x11_-_Narancia_s_Aerosmith_-_Narancia_s_Li_l_Bomber	1
li'l	ADJ	0	04x11_-_Narancia_s_Aerosmith_-_Narancia_s_Li_l_Bomber	5
little	ADJ	10	04x11_-_Narancia_s_Aerosmith_-_Narancia_s_Li_l_Bomber	5
lucky	ADJ	3	04x11_-_Narancia_s_Aerosmith_-_Narancia_s_Li_l_Bomber	1
mad	ADJ	4	04x11_-_Narancia_s_Aerosmith_-_Narancia_s_Li_l_Bomber	2
main	ADJ	5	04x11_-_Narancia_s_Aerosmith_-_Narancia_s_Li_l_Bomber	15
many	ADJ	1	04x11_-_Narancia_s_Aerosmith_-_Narancia_s_Li_l_Bomber	2
more	ADJ	5	04x11_-_Narancia_s_Aerosmith_-_Narancia_s_Li_l_Bomber	2
much	ADJ	7	04x11_-_Narancia_s_Aerosmith_-_Narancia_s_Li_l_Bomber	1
naïve	ADJ	0	04x11_-_Narancia_s_Aerosmith_-_Narancia_s_Li_l_Bomber	1
nervous	ADJ	5	04x11_-_Narancia_s_Aerosmith_-_Narancia_s_Li_l_Bomber	1
next	ADJ	4	04x11_-_Narancia_s_Aerosmith_-_Narancia_s_Li_l_Bomber	1
normal	ADJ	5	04x11_-_Narancia_s_Aerosmith_-_Narancia_s_Li_l_Bomber	3
old	ADJ	9	04x11_-_Narancia_s_Aerosmith_-_Narancia_s_Li_l_Bomber	1
ordinary	ADJ	7	04x11_-_Narancia_s_Aerosmith_-_Narancia_s_Li_l_Bomber	1
possible	ADJ	4	04x11_-_Narancia_s_Aerosmith_-_Narancia_s_Li_l_Bomber	2
powerless	ADJ	1	04x11_-_Narancia_s_Aerosmith_-_Narancia_s_Li_l_Bomber	1
real	ADJ	13	04x11_-_Narancia_s_Aerosmith_-_Narancia_s_Li_l_Bomber	2
reasonable	ADJ	3	04x11_-_Narancia_s_Aerosmith_-_Narancia_s_Li_l_Bomber	1
safe	ADJ	7	04x11_-_Narancia_s_Aerosmith_-_Narancia_s_Li_l_Bomber	2
sane	ADJ	2	04x11_-_Narancia_s_Aerosmith_-_Narancia_s_Li_l_Bomber	2
serious	ADJ	6	04x11_-_Narancia_s_Aerosmith_-_Narancia_s_Li_l_Bomber	1
small	ADJ	13	04x11_-_Narancia_s_Aerosmith_-_Narancia_s_Li_l_Bomber	5
southern	ADJ	4	04x11_-_Narancia_s_Aerosmith_-_Narancia_s_Li_l_Bomber	1
special	ADJ	10	04x11_-_Narancia_s_Aerosmith_-_Narancia_s_Li_l_Bomber	1
strange	ADJ	3	04x11_-_Narancia_s_Aerosmith_-_Narancia_s_Li_l_Bomber	1
stupid	ADJ	4	04x11_-_Narancia_s_Aerosmith_-_Narancia_s_Li_l_Bomber	1
sure	ADJ	10	04x11_-_Narancia_s_Aerosmith_-_Narancia_s_Li_l_Bomber	4
tiny	ADJ	1	04x11_-_Narancia_s_Aerosmith_-_Narancia_s_Li_l_Bomber	6
unlucky	ADJ	2	04x11_-_Narancia_s_Aerosmith_-_Narancia_s_Li_l_Bomber	1
useless	ADJ	1	04x11_-_Narancia_s_Aerosmith_-_Narancia_s_Li_l_Bomber	1
venomous	ADJ	2	04x11_-_Narancia_s_Aerosmith_-_Narancia_s_Li_l_Bomber	2
well	ADJ	22	04x11_-_Narancia_s_Aerosmith_-_Narancia_s_Li_l_Bomber	2
whole	ADJ	8	04x11_-_Narancia_s_Aerosmith_-_Narancia_s_Li_l_Bomber	4
wide	ADJ	11	04x11_-_Narancia_s_Aerosmith_-_Narancia_s_Li_l_Bomber	1
worth	ADJ	5	04x11_-_Narancia_s_Aerosmith_-_Narancia_s_Li_l_Bomber	3
worthless	ADJ	2	04x11_-_Narancia_s_Aerosmith_-_Narancia_s_Li_l_Bomber	1
able	ADJ	4	04x23_-_Clash_and_Talking_Head_-_Crush_and_Talking_Mouth	7
about	ADJ	8	04x23_-_Clash_and_Talking_Head_-_Crush_and_Talking_Mouth	1
alone	ADJ	6	04x23_-_Clash_and_Talking_Head_-_Crush_and_Talking_Mouth	1
big	ADJ	17	04x23_-_Clash_and_Talking_Head_-_Crush_and_Talking_Mouth	1
clear	ADJ	45	04x23_-_Clash_and_Talking_Head_-_Crush_and_Talking_Mouth	1
damn	ADJ	5	04x23_-_Clash_and_Talking_Head_-_Crush_and_Talking_Mouth	1
dead	ADJ	21	04x23_-_Clash_and_Talking_Head_-_Crush_and_Talking_Mouth	1
due	ADJ	7	04x23_-_Clash_and_Talking_Head_-_Crush_and_Talking_Mouth	1
elite	ADJ	2	04x23_-_Clash_and_Talking_Head_-_Crush_and_Talking_Mouth	1
exact	ADJ	4	04x23_-_Clash_and_Talking_Head_-_Crush_and_Talking_Mouth	1
fast	ADJ	15	04x23_-_Clash_and_Talking_Head_-_Crush_and_Talking_Mouth	1
few	ADJ	2	04x23_-_Clash_and_Talking_Head_-_Crush_and_Talking_Mouth	1
finishing	ADJ	8	04x23_-_Clash_and_Talking_Head_-_Crush_and_Talking_Mouth	1
fishy	ADJ	2	04x23_-_Clash_and_Talking_Head_-_Crush_and_Talking_Mouth	1
full	ADJ	13	04x23_-_Clash_and_Talking_Head_-_Crush_and_Talking_Mouth	1
futile	ADJ	2	04x23_-_Clash_and_Talking_Head_-_Crush_and_Talking_Mouth	1
good	ADJ	27	04x23_-_Clash_and_Talking_Head_-_Crush_and_Talking_Mouth	4
hard	ADJ	22	04x23_-_Clash_and_Talking_Head_-_Crush_and_Talking_Mouth	2
hot	ADJ	21	04x23_-_Clash_and_Talking_Head_-_Crush_and_Talking_Mouth	1
impossible	ADJ	4	04x23_-_Clash_and_Talking_Head_-_Crush_and_Talking_Mouth	2
labored	ADJ	5	04x23_-_Clash_and_Talking_Head_-_Crush_and_Talking_Mouth	2
last	ADJ	21	04x23_-_Clash_and_Talking_Head_-_Crush_and_Talking_Mouth	1
li'l	ADJ	0	04x23_-_Clash_and_Talking_Head_-_Crush_and_Talking_Mouth	2
little	ADJ	10	04x23_-_Clash_and_Talking_Head_-_Crush_and_Talking_Mouth	1
long	ADJ	12	04x23_-_Clash_and_Talking_Head_-_Crush_and_Talking_Mouth	1
many	ADJ	1	04x23_-_Clash_and_Talking_Head_-_Crush_and_Talking_Mouth	2
much	ADJ	7	04x23_-_Clash_and_Talking_Head_-_Crush_and_Talking_Mouth	1
open	ADJ	36	04x23_-_Clash_and_Talking_Head_-_Crush_and_Talking_Mouth	1
opposite	ADJ	11	04x23_-_Clash_and_Talking_Head_-_Crush_and_Talking_Mouth	1
other	ADJ	4	04x23_-_Clash_and_Talking_Head_-_Crush_and_Talking_Mouth	1
own	ADJ	2	04x23_-_Clash_and_Talking_Head_-_Crush_and_Talking_Mouth	3
pale	ADJ	7	04x23_-_Clash_and_Talking_Head_-_Crush_and_Talking_Mouth	1
possible	ADJ	4	04x23_-_Clash_and_Talking_Head_-_Crush_and_Talking_Mouth	1
precise	ADJ	2	04x23_-_Clash_and_Talking_Head_-_Crush_and_Talking_Mouth	1
pushy	ADJ	1	04x23_-_Clash_and_Talking_Head_-_Crush_and_Talking_Mouth	1
quick	ADJ	8	04x23_-_Clash_and_Talking_Head_-_Crush_and_Talking_Mouth	1
residue	ADJ	2	04x23_-_Clash_and_Talking_Head_-_Crush_and_Talking_Mouth	1
right	ADJ	36	04x23_-_Clash_and_Talking_Head_-_Crush_and_Talking_Mouth	2
safe	ADJ	7	04x23_-_Clash_and_Talking_Head_-_Crush_and_Talking_Mouth	2
satisfied	ADJ	5	04x23_-_Clash_and_Talking_Head_-_Crush_and_Talking_Mouth	1
shallow	ADJ	6	04x23_-_Clash_and_Talking_Head_-_Crush_and_Talking_Mouth	1
single	ADJ	10	04x23_-_Clash_and_Talking_Head_-_Crush_and_Talking_Mouth	1
slow	ADJ	11	04x23_-_Clash_and_Talking_Head_-_Crush_and_Talking_Mouth	2
sound	ADJ	24	04x23_-_Clash_and_Talking_Head_-_Crush_and_Talking_Mouth	1
sure	ADJ	10	04x23_-_Clash_and_Talking_Head_-_Crush_and_Talking_Mouth	2
temporary	ADJ	3	04x23_-_Clash_and_Talking_Head_-_Crush_and_Talking_Mouth	1
unconscious	ADJ	4	04x23_-_Clash_and_Talking_Head_-_Crush_and_Talking_Mouth	1
upper	ADJ	6	04x23_-_Clash_and_Talking_Head_-_Crush_and_Talking_Mouth	1
wrong	ADJ	13	04x23_-_Clash_and_Talking_Head_-_Crush_and_Talking_Mouth	1
\c&hfa&\c&hbaa&}roar	ADJ	0	04x06_-_Moody_Blues__Counterattack_-_Moody_Jazz_s_Counterattack	1
able	ADJ	4	04x06_-_Moody_Blues__Counterattack_-_Moody_Jazz_s_Counterattack	2
about	ADJ	8	04x06_-_Moody_Blues__Counterattack_-_Moody_Jazz_s_Counterattack	1
alive	ADJ	7	04x06_-_Moody_Blues__Counterattack_-_Moody_Jazz_s_Counterattack	3
annoying	ADJ	3	04x06_-_Moody_Blues__Counterattack_-_Moody_Jazz_s_Counterattack	1
awkward	ADJ	6	04x06_-_Moody_Blues__Counterattack_-_Moody_Jazz_s_Counterattack	1
bad	ADJ	17	04x06_-_Moody_Blues__Counterattack_-_Moody_Jazz_s_Counterattack	2
black	ADJ	22	04x06_-_Moody_Blues__Counterattack_-_Moody_Jazz_s_Counterattack	3
close	ADJ	37	04x06_-_Moody_Blues__Counterattack_-_Moody_Jazz_s_Counterattack	1
crazy	ADJ	6	04x06_-_Moody_Blues__Counterattack_-_Moody_Jazz_s_Counterattack	2
dangerous	ADJ	2	04x06_-_Moody_Blues__Counterattack_-_Moody_Jazz_s_Counterattack	2
defenseless	ADJ	4	04x06_-_Moody_Blues__Counterattack_-_Moody_Jazz_s_Counterattack	1
dirty	ADJ	13	04x06_-_Moody_Blues__Counterattack_-_Moody_Jazz_s_Counterattack	1
due	ADJ	7	04x06_-_Moody_Blues__Counterattack_-_Moody_Jazz_s_Counterattack	1
easy	ADJ	15	04x06_-_Moody_Blues__Counterattack_-_Moody_Jazz_s_Counterattack	1
fast	ADJ	15	04x06_-_Moody_Blues__Counterattack_-_Moody_Jazz_s_Counterattack	1
fine	ADJ	10	04x06_-_Moody_Blues__Counterattack_-_Moody_Jazz_s_Counterattack	1
floppy	ADJ	2	04x06_-_Moody_Blues__Counterattack_-_Moody_Jazz_s_Counterattack	1
general	ADJ	10	04x06_-_Moody_Blues__Counterattack_-_Moody_Jazz_s_Counterattack	1
good	ADJ	27	04x06_-_Moody_Blues__Counterattack_-_Moody_Jazz_s_Counterattack	2
grateful	ADJ	2	04x06_-_Moody_Blues__Counterattack_-_Moody_Jazz_s_Counterattack	1
high	ADJ	18	04x06_-_Moody_Blues__Counterattack_-_Moody_Jazz_s_Counterattack	1
important	ADJ	5	04x06_-_Moody_Blues__Counterattack_-_Moody_Jazz_s_Counterattack	1
impossible	ADJ	4	04x06_-_Moody_Blues__Counterattack_-_Moody_Jazz_s_Counterattack	2
kind	ADJ	4	04x06_-_Moody_Blues__Counterattack_-_Moody_Jazz_s_Counterattack	1
left	ADJ	24	04x06_-_Moody_Blues__Counterattack_-_Moody_Jazz_s_Counterattack	2
lenient	ADJ	3	04x06_-_Moody_Blues__Counterattack_-_Moody_Jazz_s_Counterattack	1
lifelong	ADJ	1	04x06_-_Moody_Blues__Counterattack_-_Moody_Jazz_s_Counterattack	1
little	ADJ	10	04x06_-_Moody_Blues__Counterattack_-_Moody_Jazz_s_Counterattack	4
low	ADJ	16	04x06_-_Moody_Blues__Counterattack_-_Moody_Jazz_s_Counterattack	1
main	ADJ	5	04x06_-_Moody_Blues__Counterattack_-_Moody_Jazz_s_Counterattack	1
many	ADJ	1	04x06_-_Moody_Blues__Counterattack_-_Moody_Jazz_s_Counterattack	1
measly	ADJ	1	04x06_-_Moody_Blues__Counterattack_-_Moody_Jazz_s_Counterattack	1
more	ADJ	5	04x06_-_Moody_Blues__Counterattack_-_Moody_Jazz_s_Counterattack	3
much	ADJ	7	04x06_-_Moody_Blues__Counterattack_-_Moody_Jazz_s_Counterattack	1
near	ADJ	9	04x06_-_Moody_Blues__Counterattack_-_Moody_Jazz_s_Counterattack	1
normal	ADJ	5	04x06_-_Moody_Blues__Counterattack_-_Moody_Jazz_s_Counterattack	1
old	ADJ	9	04x06_-_Moody_Blues__Counterattack_-_Moody_Jazz_s_Counterattack	1
only	ADJ	9	04x06_-_Moody_Blues__Counterattack_-_Moody_Jazz_s_Counterattack	1
open	ADJ	36	04x06_-_Moody_Blues__Counterattack_-_Moody_Jazz_s_Counterattack	1
other	ADJ	4	04x06_-_Moody_Blues__Counterattack_-_Moody_Jazz_s_Counterattack	2
own	ADJ	2	04x06_-_Moody_Blues__Counterattack_-_Moody_Jazz_s_Counterattack	1
passionate	ADJ	1	04x06_-_Moody_Blues__Counterattack_-_Moody_Jazz_s_Counterattack	2
right	ADJ	36	04x06_-_Moody_Blues__Counterattack_-_Moody_Jazz_s_Counterattack	5
same	ADJ	6	04x06_-_Moody_Blues__Counterattack_-_Moody_Jazz_s_Counterattack	1
secret	ADJ	14	04x06_-_Moody_Blues__Counterattack_-_Moody_Jazz_s_Counterattack	1
silent	ADJ	6	04x06_-_Moody_Blues__Counterattack_-_Moody_Jazz_s_Counterattack	1
slow	ADJ	11	04x06_-_Moody_Blues__Counterattack_-_Moody_Jazz_s_Counterattack	2
strange	ADJ	3	04x06_-_Moody_Blues__Counterattack_-_Moody_Jazz_s_Counterattack	1
strong	ADJ	10	04x06_-_Moody_Blues__Counterattack_-_Moody_Jazz_s_Counterattack	1
stupid	ADJ	4	04x06_-_Moody_Blues__Counterattack_-_Moody_Jazz_s_Counterattack	1
sure	ADJ	10	04x06_-_Moody_Blues__Counterattack_-_Moody_Jazz_s_Counterattack	2
tailed	ADJ	4	04x06_-_Moody_Blues__Counterattack_-_Moody_Jazz_s_Counterattack	4
thin	ADJ	13	04x06_-_Moody_Blues__Counterattack_-_Moody_Jazz_s_Counterattack	1
unappreciative	ADJ	1	04x06_-_Moody_Blues__Counterattack_-_Moody_Jazz_s_Counterattack	1
very	ADJ	4	04x06_-_Moody_Blues__Counterattack_-_Moody_Jazz_s_Counterattack	1
wide	ADJ	11	04x06_-_Moody_Blues__Counterattack_-_Moody_Jazz_s_Counterattack	1
wrong	ADJ	13	04x06_-_Moody_Blues__Counterattack_-_Moody_Jazz_s_Counterattack	4
able	ADJ	4	04x02_-_Bucciarati_Is_Coming_-_Bucciarati_Appears	2
about	ADJ	8	04x02_-_Bucciarati_Is_Coming_-_Bucciarati_Appears	1
alive	ADJ	7	04x02_-_Bucciarati_Is_Coming_-_Bucciarati_Appears	1
alone	ADJ	6	04x02_-_Bucciarati_Is_Coming_-_Bucciarati_Appears	1
annoying	ADJ	3	04x02_-_Bucciarati_Is_Coming_-_Bucciarati_Appears	1
bad	ADJ	17	04x02_-_Bucciarati_Is_Coming_-_Bucciarati_Appears	3
beautiful	ADJ	2	04x02_-_Bucciarati_Is_Coming_-_Bucciarati_Appears	1
bent	ADJ	13	04x02_-_Bucciarati_Is_Coming_-_Bucciarati_Appears	1
berserk	ADJ	2	04x02_-_Bucciarati_Is_Coming_-_Bucciarati_Appears	2
black	ADJ	22	04x02_-_Bucciarati_Is_Coming_-_Bucciarati_Appears	1
broken	ADJ	72	04x02_-_Bucciarati_Is_Coming_-_Bucciarati_Appears	1
careful	ADJ	5	04x02_-_Bucciarati_Is_Coming_-_Bucciarati_Appears	1
certain	ADJ	7	04x02_-_Bucciarati_Is_Coming_-_Bucciarati_Appears	1
conflicted	ADJ	2	04x02_-_Bucciarati_Is_Coming_-_Bucciarati_Appears	1
corrupt	ADJ	8	04x02_-_Bucciarati_Is_Coming_-_Bucciarati_Appears	1
creepy	ADJ	2	04x02_-_Bucciarati_Is_Coming_-_Bucciarati_Appears	1
dangerous	ADJ	2	04x02_-_Bucciarati_Is_Coming_-_Bucciarati_Appears	2
despairing	ADJ	2	04x02_-_Bucciarati_Is_Coming_-_Bucciarati_Appears	1
destructive	ADJ	1	04x02_-_Bucciarati_Is_Coming_-_Bucciarati_Appears	1
determined	ADJ	13	04x02_-_Bucciarati_Is_Coming_-_Bucciarati_Appears	1
different	ADJ	5	04x02_-_Bucciarati_Is_Coming_-_Bucciarati_Appears	2
due	ADJ	7	04x02_-_Bucciarati_Is_Coming_-_Bucciarati_Appears	1
enough	ADJ	3	04x02_-_Bucciarati_Is_Coming_-_Bucciarati_Appears	1
extra	ADJ	7	04x02_-_Bucciarati_Is_Coming_-_Bucciarati_Appears	1
few	ADJ	2	04x02_-_Bucciarati_Is_Coming_-_Bucciarati_Appears	2
fine	ADJ	10	04x02_-_Bucciarati_Is_Coming_-_Bucciarati_Appears	1
first	ADJ	16	04x02_-_Bucciarati_Is_Coming_-_Bucciarati_Appears	1
gloomy	ADJ	3	04x02_-_Bucciarati_Is_Coming_-_Bucciarati_Appears	1
good	ADJ	27	04x02_-_Bucciarati_Is_Coming_-_Bucciarati_Appears	6
great	ADJ	7	04x02_-_Bucciarati_Is_Coming_-_Bucciarati_Appears	2
human	ADJ	4	04x02_-_Bucciarati_Is_Coming_-_Bucciarati_Appears	2
incredible	ADJ	1	04x02_-_Bucciarati_Is_Coming_-_Bucciarati_Appears	1
intense	ADJ	3	04x02_-_Bucciarati_Is_Coming_-_Bucciarati_Appears	1
internal	ADJ	5	04x02_-_Bucciarati_Is_Coming_-_Bucciarati_Appears	12
italian	ADJ	3	04x02_-_Bucciarati_Is_Coming_-_Bucciarati_Appears	2
least	ADJ	3	04x02_-_Bucciarati_Is_Coming_-_Bucciarati_Appears	3
little	ADJ	10	04x02_-_Bucciarati_Is_Coming_-_Bucciarati_Appears	3
local	ADJ	5	04x02_-_Bucciarati_Is_Coming_-_Bucciarati_Appears	1
lonely	ADJ	4	04x02_-_Bucciarati_Is_Coming_-_Bucciarati_Appears	1
low	ADJ	16	04x02_-_Bucciarati_Is_Coming_-_Bucciarati_Appears	1
main	ADJ	5	04x02_-_Bucciarati_Is_Coming_-_Bucciarati_Appears	13
mean	ADJ	16	04x02_-_Bucciarati_Is_Coming_-_Bucciarati_Appears	1
mere	ADJ	3	04x02_-_Bucciarati_Is_Coming_-_Bucciarati_Appears	1
more	ADJ	5	04x02_-_Bucciarati_Is_Coming_-_Bucciarati_Appears	2
much	ADJ	7	04x02_-_Bucciarati_Is_Coming_-_Bucciarati_Appears	1
multiple	ADJ	2	04x02_-_Bucciarati_Is_Coming_-_Bucciarati_Appears	1
natural	ADJ	13	04x02_-_Bucciarati_Is_Coming_-_Bucciarati_Appears	1
old	ADJ	9	04x02_-_Bucciarati_Is_Coming_-_Bucciarati_Appears	1
only	ADJ	9	04x02_-_Bucciarati_Is_Coming_-_Bucciarati_Appears	2
opposite	ADJ	11	04x02_-_Bucciarati_Is_Coming_-_Bucciarati_Appears	1
other	ADJ	4	04x02_-_Bucciarati_Is_Coming_-_Bucciarati_Appears	3
ow	ADJ	0	04x02_-_Bucciarati_Is_Coming_-_Bucciarati_Appears	1
own	ADJ	2	04x02_-_Bucciarati_Is_Coming_-_Bucciarati_Appears	2
perfect	ADJ	5	04x02_-_Bucciarati_Is_Coming_-_Bucciarati_Appears	1
powerful	ADJ	6	04x02_-_Bucciarati_Is_Coming_-_Bucciarati_Appears	1
prepared	ADJ	11	04x02_-_Bucciarati_Is_Coming_-_Bucciarati_Appears	1
right	ADJ	36	04x02_-_Bucciarati_Is_Coming_-_Bucciarati_Appears	3
separate	ADJ	19	04x02_-_Bucciarati_Is_Coming_-_Bucciarati_Appears	1
serious	ADJ	6	04x02_-_Bucciarati_Is_Coming_-_Bucciarati_Appears	2
sharp	ADJ	15	04x02_-_Bucciarati_Is_Coming_-_Bucciarati_Appears	1
shy	ADJ	6	04x02_-_Bucciarati_Is_Coming_-_Bucciarati_Appears	1
silent	ADJ	6	04x02_-_Bucciarati_Is_Coming_-_Bucciarati_Appears	1
slow	ADJ	11	04x02_-_Bucciarati_Is_Coming_-_Bucciarati_Appears	3
solid	ADJ	18	04x02_-_Bucciarati_Is_Coming_-_Bucciarati_Appears	1
sorry	ADJ	4	04x02_-_Bucciarati_Is_Coming_-_Bucciarati_Appears	1
stupid	ADJ	4	04x02_-_Bucciarati_Is_Coming_-_Bucciarati_Appears	1
sure	ADJ	10	04x02_-_Bucciarati_Is_Coming_-_Bucciarati_Appears	4
tall	ADJ	5	04x02_-_Bucciarati_Is_Coming_-_Bucciarati_Appears	2
terrifying	ADJ	2	04x02_-_Bucciarati_Is_Coming_-_Bucciarati_Appears	1
twisted	ADJ	11	04x02_-_Bucciarati_Is_Coming_-_Bucciarati_Appears	1
um	ADJ	0	04x02_-_Bucciarati_Is_Coming_-_Bucciarati_Appears	1
unforgivable	ADJ	1	04x02_-_Bucciarati_Is_Coming_-_Bucciarati_Appears	1
unknown	ADJ	8	04x02_-_Bucciarati_Is_Coming_-_Bucciarati_Appears	1
useless	ADJ	1	04x02_-_Bucciarati_Is_Coming_-_Bucciarati_Appears	3
weak	ADJ	12	04x02_-_Bucciarati_Is_Coming_-_Bucciarati_Appears	1
well	ADJ	22	04x02_-_Bucciarati_Is_Coming_-_Bucciarati_Appears	1
wobbly	ADJ	2	04x02_-_Bucciarati_Is_Coming_-_Bucciarati_Appears	1
wrong	ADJ	13	04x02_-_Bucciarati_Is_Coming_-_Bucciarati_Appears	1
young	ADJ	14	04x02_-_Bucciarati_Is_Coming_-_Bucciarati_Appears	1
able	ADJ	4	04x36_-_Diavolo_Surfaces	9
actual	ADJ	5	04x36_-_Diavolo_Surfaces	1
aware	ADJ	2	04x36_-_Diavolo_Surfaces	1
berserk	ADJ	2	04x36_-_Diavolo_Surfaces	1
big	ADJ	17	04x36_-_Diavolo_Surfaces	1
blind	ADJ	10	04x36_-_Diavolo_Surfaces	1
brief	ADJ	6	04x36_-_Diavolo_Surfaces	1
broken	ADJ	72	04x36_-_Diavolo_Surfaces	1
certain	ADJ	7	04x36_-_Diavolo_Surfaces	1
clear	ADJ	45	04x36_-_Diavolo_Surfaces	1
close	ADJ	37	04x36_-_Diavolo_Surfaces	13
complete	ADJ	10	04x36_-_Diavolo_Surfaces	1
conscious	ADJ	3	04x36_-_Diavolo_Surfaces	1
cornered	ADJ	4	04x36_-_Diavolo_Surfaces	1
correct	ADJ	12	04x36_-_Diavolo_Surfaces	3
damn	ADJ	5	04x36_-_Diavolo_Surfaces	1
different	ADJ	5	04x36_-_Diavolo_Surfaces	1
elastic	ADJ	4	04x36_-_Diavolo_Surfaces	1
empty	ADJ	10	04x36_-_Diavolo_Surfaces	2
eternal	ADJ	2	04x36_-_Diavolo_Surfaces	1
farth	ADJ	0	04x36_-_Diavolo_Surfaces	1
few	ADJ	2	04x36_-_Diavolo_Surfaces	1
fine	ADJ	10	04x36_-_Diavolo_Surfaces	1
foolish	ADJ	2	04x36_-_Diavolo_Surfaces	1
frightening	ADJ	4	04x36_-_Diavolo_Surfaces	1
good	ADJ	27	04x36_-_Diavolo_Surfaces	3
hidden	ADJ	7	04x36_-_Diavolo_Surfaces	2
immense	ADJ	1	04x36_-_Diavolo_Surfaces	1
imminent	ADJ	1	04x36_-_Diavolo_Surfaces	1
important	ADJ	5	04x36_-_Diavolo_Surfaces	1
internal	ADJ	5	04x36_-_Diavolo_Surfaces	1
least	ADJ	3	04x36_-_Diavolo_Surfaces	1
lonely	ADJ	4	04x36_-_Diavolo_Surfaces	1
loose	ADJ	18	04x36_-_Diavolo_Surfaces	1
lost	ADJ	21	04x36_-_Diavolo_Surfaces	1
main	ADJ	5	04x36_-_Diavolo_Surfaces	26
many	ADJ	1	04x36_-_Diavolo_Surfaces	1
more	ADJ	5	04x36_-_Diavolo_Surfaces	4
much	ADJ	7	04x36_-_Diavolo_Surfaces	1
new	ADJ	12	04x36_-_Diavolo_Surfaces	1
okay	ADJ	4	04x36_-_Diavolo_Surfaces	1
open	ADJ	36	04x36_-_Diavolo_Surfaces	1
opposite	ADJ	11	04x36_-_Diavolo_Surfaces	1
other	ADJ	4	04x36_-_Diavolo_Surfaces	5
own	ADJ	2	04x36_-_Diavolo_Surfaces	5
possible	ADJ	4	04x36_-_Diavolo_Surfaces	1
right	ADJ	36	04x36_-_Diavolo_Surfaces	3
second	ADJ	15	04x36_-_Diavolo_Surfaces	2
soft	ADJ	20	04x36_-_Diavolo_Surfaces	1
square	ADJ	25	04x36_-_Diavolo_Surfaces	1
sudden	ADJ	1	04x36_-_Diavolo_Surfaces	1
sure	ADJ	10	04x36_-_Diavolo_Surfaces	1
tired	ADJ	6	04x36_-_Diavolo_Surfaces	1
total	ADJ	7	04x36_-_Diavolo_Surfaces	1
true	ADJ	15	04x36_-_Diavolo_Surfaces	4
underling	ADJ	1	04x36_-_Diavolo_Surfaces	1
unparalleled	ADJ	1	04x36_-_Diavolo_Surfaces	1
vacant	ADJ	2	04x36_-_Diavolo_Surfaces	1
weak	ADJ	12	04x36_-_Diavolo_Surfaces	1
able	ADJ	4	04x13_-_Man_in_the_Mirror_and_Purple_Haze_-_Mirror_Man_and_Purple_Smoke	3
absolute	ADJ	6	04x13_-_Man_in_the_Mirror_and_Purple_Haze_-_Mirror_Man_and_Purple_Smoke	1
alive	ADJ	7	04x13_-_Man_in_the_Mirror_and_Purple_Haze_-_Mirror_Man_and_Purple_Smoke	1
bent	ADJ	13	04x13_-_Man_in_the_Mirror_and_Purple_Haze_-_Mirror_Man_and_Purple_Smoke	1
close	ADJ	37	04x13_-_Man_in_the_Mirror_and_Purple_Haze_-_Mirror_Man_and_Purple_Smoke	2
correct	ADJ	12	04x13_-_Man_in_the_Mirror_and_Purple_Haze_-_Mirror_Man_and_Purple_Smoke	1
current	ADJ	4	04x13_-_Man_in_the_Mirror_and_Purple_Haze_-_Mirror_Man_and_Purple_Smoke	1
damn	ADJ	5	04x13_-_Man_in_the_Mirror_and_Purple_Haze_-_Mirror_Man_and_Purple_Smoke	3
destructive	ADJ	1	04x13_-_Man_in_the_Mirror_and_Purple_Haze_-_Mirror_Man_and_Purple_Smoke	1
different	ADJ	5	04x13_-_Man_in_the_Mirror_and_Purple_Haze_-_Mirror_Man_and_Purple_Smoke	1
easy	ADJ	15	04x13_-_Man_in_the_Mirror_and_Purple_Haze_-_Mirror_Man_and_Purple_Smoke	2
familiar	ADJ	7	04x13_-_Man_in_the_Mirror_and_Purple_Haze_-_Mirror_Man_and_Purple_Smoke	1
fine	ADJ	10	04x13_-_Man_in_the_Mirror_and_Purple_Haze_-_Mirror_Man_and_Purple_Smoke	1
first	ADJ	16	04x13_-_Man_in_the_Mirror_and_Purple_Haze_-_Mirror_Man_and_Purple_Smoke	1
glad	ADJ	5	04x13_-_Man_in_the_Mirror_and_Purple_Haze_-_Mirror_Man_and_Purple_Smoke	1
good	ADJ	27	04x13_-_Man_in_the_Mirror_and_Purple_Haze_-_Mirror_Man_and_Purple_Smoke	4
grave	ADJ	8	04x13_-_Man_in_the_Mirror_and_Purple_Haze_-_Mirror_Man_and_Purple_Smoke	1
great	ADJ	7	04x13_-_Man_in_the_Mirror_and_Purple_Haze_-_Mirror_Man_and_Purple_Smoke	1
important	ADJ	5	04x13_-_Man_in_the_Mirror_and_Purple_Haze_-_Mirror_Man_and_Purple_Smoke	2
impossible	ADJ	4	04x13_-_Man_in_the_Mirror_and_Purple_Haze_-_Mirror_Man_and_Purple_Smoke	1
inevitable	ADJ	3	04x13_-_Man_in_the_Mirror_and_Purple_Haze_-_Mirror_Man_and_Purple_Smoke	1
insane	ADJ	2	04x13_-_Man_in_the_Mirror_and_Purple_Haze_-_Mirror_Man_and_Purple_Smoke	1
internal	ADJ	5	04x13_-_Man_in_the_Mirror_and_Purple_Haze_-_Mirror_Man_and_Purple_Smoke	1
key	ADJ	21	04x13_-_Man_in_the_Mirror_and_Purple_Haze_-_Mirror_Man_and_Purple_Smoke	12
last	ADJ	21	04x13_-_Man_in_the_Mirror_and_Purple_Haze_-_Mirror_Man_and_Purple_Smoke	1
late	ADJ	11	04x13_-_Man_in_the_Mirror_and_Purple_Haze_-_Mirror_Man_and_Purple_Smoke	3
little	ADJ	10	04x13_-_Man_in_the_Mirror_and_Purple_Haze_-_Mirror_Man_and_Purple_Smoke	1
loyal	ADJ	3	04x13_-_Man_in_the_Mirror_and_Purple_Haze_-_Mirror_Man_and_Purple_Smoke	1
main	ADJ	5	04x13_-_Man_in_the_Mirror_and_Purple_Haze_-_Mirror_Man_and_Purple_Smoke	14
more	ADJ	5	04x13_-_Man_in_the_Mirror_and_Purple_Haze_-_Mirror_Man_and_Purple_Smoke	2
much	ADJ	7	04x13_-_Man_in_the_Mirror_and_Purple_Haze_-_Mirror_Man_and_Purple_Smoke	2
okay	ADJ	4	04x13_-_Man_in_the_Mirror_and_Purple_Haze_-_Mirror_Man_and_Purple_Smoke	1
old	ADJ	9	04x13_-_Man_in_the_Mirror_and_Purple_Haze_-_Mirror_Man_and_Purple_Smoke	1
only	ADJ	9	04x13_-_Man_in_the_Mirror_and_Purple_Haze_-_Mirror_Man_and_Purple_Smoke	1
open	ADJ	36	04x13_-_Man_in_the_Mirror_and_Purple_Haze_-_Mirror_Man_and_Purple_Smoke	1
other	ADJ	4	04x13_-_Man_in_the_Mirror_and_Purple_Haze_-_Mirror_Man_and_Purple_Smoke	1
own	ADJ	2	04x13_-_Man_in_the_Mirror_and_Purple_Haze_-_Mirror_Man_and_Purple_Smoke	5
possible	ADJ	4	04x13_-_Man_in_the_Mirror_and_Purple_Haze_-_Mirror_Man_and_Purple_Smoke	2
powerless	ADJ	1	04x13_-_Man_in_the_Mirror_and_Purple_Haze_-_Mirror_Man_and_Purple_Smoke	1
safe	ADJ	7	04x13_-_Man_in_the_Mirror_and_Purple_Haze_-_Mirror_Man_and_Purple_Smoke	1
same	ADJ	6	04x13_-_Man_in_the_Mirror_and_Purple_Haze_-_Mirror_Man_and_Purple_Smoke	2
sick	ADJ	9	04x13_-_Man_in_the_Mirror_and_Purple_Haze_-_Mirror_Man_and_Purple_Smoke	1
small	ADJ	13	04x13_-_Man_in_the_Mirror_and_Purple_Haze_-_Mirror_Man_and_Purple_Smoke	1
strong	ADJ	10	04x13_-_Man_in_the_Mirror_and_Purple_Haze_-_Mirror_Man_and_Purple_Smoke	1
stupid	ADJ	4	04x13_-_Man_in_the_Mirror_and_Purple_Haze_-_Mirror_Man_and_Purple_Smoke	2
sure	ADJ	10	04x13_-_Man_in_the_Mirror_and_Purple_Haze_-_Mirror_Man_and_Purple_Smoke	2
surprised	ADJ	4	04x13_-_Man_in_the_Mirror_and_Purple_Haze_-_Mirror_Man_and_Purple_Smoke	2
true	ADJ	15	04x13_-_Man_in_the_Mirror_and_Purple_Haze_-_Mirror_Man_and_Purple_Smoke	2
underhanded	ADJ	2	04x13_-_Man_in_the_Mirror_and_Purple_Haze_-_Mirror_Man_and_Purple_Smoke	1
utmost	ADJ	4	04x13_-_Man_in_the_Mirror_and_Purple_Haze_-_Mirror_Man_and_Purple_Smoke	1
whole	ADJ	8	04x13_-_Man_in_the_Mirror_and_Purple_Haze_-_Mirror_Man_and_Purple_Smoke	1
wrong	ADJ	13	04x13_-_Man_in_the_Mirror_and_Purple_Haze_-_Mirror_Man_and_Purple_Smoke	1
\shad\fad(,)\pos(,)}the	ADJ	0	04x28_5_-_Destiny	1
able	ADJ	4	04x28_5_-_Destiny	4
about	ADJ	8	04x28_5_-_Destiny	1
absolute	ADJ	6	04x28_5_-_Destiny	2
actual	ADJ	5	04x28_5_-_Destiny	1
adorable	ADJ	1	04x28_5_-_Destiny	1
alive	ADJ	7	04x28_5_-_Destiny	1
bad	ADJ	17	04x28_5_-_Destiny	2
bizarre	ADJ	1	04x28_5_-_Destiny	1
bright	ADJ	11	04x28_5_-_Destiny	1
close	ADJ	37	04x28_5_-_Destiny	2
concerned	ADJ	5	04x28_5_-_Destiny	1
crazy	ADJ	6	04x28_5_-_Destiny	1
cruel	ADJ	1	04x28_5_-_Destiny	2
damn	ADJ	5	04x28_5_-_Destiny	1
dangerous	ADJ	2	04x28_5_-_Destiny	1
different	ADJ	5	04x28_5_-_Destiny	1
difficult	ADJ	2	04x28_5_-_Destiny	1
elastic	ADJ	4	04x28_5_-_Destiny	1
enough	ADJ	3	04x28_5_-_Destiny	1
eternal	ADJ	2	04x28_5_-_Destiny	1
exact	ADJ	4	04x28_5_-_Destiny	1
fate	ADJ	4	04x28_5_-_Destiny	1
few	ADJ	2	04x28_5_-_Destiny	1
fierce	ADJ	4	04x28_5_-_Destiny	1
final	ADJ	5	04x28_5_-_Destiny	1
fitting	ADJ	15	04x28_5_-_Destiny	1
future	ADJ	7	04x28_5_-_Destiny	1
golden	ADJ	6	04x28_5_-_Destiny	3
good	ADJ	27	04x28_5_-_Destiny	4
great	ADJ	7	04x28_5_-_Destiny	2
greedy	ADJ	3	04x28_5_-_Destiny	1
happy	ADJ	4	04x28_5_-_Destiny	1
hard	ADJ	22	04x28_5_-_Destiny	3
honorable	ADJ	4	04x28_5_-_Destiny	1
important	ADJ	5	04x28_5_-_Destiny	1
innocent	ADJ	8	04x28_5_-_Destiny	2
intense	ADJ	3	04x28_5_-_Destiny	2
internal	ADJ	5	04x28_5_-_Destiny	14
invincible	ADJ	1	04x28_5_-_Destiny	2
invisible	ADJ	2	04x28_5_-_Destiny	1
italian	ADJ	3	04x28_5_-_Destiny	1
last	ADJ	21	04x28_5_-_Destiny	1
late	ADJ	11	04x28_5_-_Destiny	1
left	ADJ	24	04x28_5_-_Destiny	1
like	ADJ	11	04x28_5_-_Destiny	1
little	ADJ	10	04x28_5_-_Destiny	1
main	ADJ	5	04x28_5_-_Destiny	26
mysterious	ADJ	2	04x28_5_-_Destiny	3
nervous	ADJ	5	04x28_5_-_Destiny	1
new	ADJ	12	04x28_5_-_Destiny	1
next	ADJ	4	04x28_5_-_Destiny	2
only	ADJ	9	04x28_5_-_Destiny	2
ordinary	ADJ	7	04x28_5_-_Destiny	1
other	ADJ	4	04x28_5_-_Destiny	1
own	ADJ	2	04x28_5_-_Destiny	5
powerful	ADJ	6	04x28_5_-_Destiny	1
proud	ADJ	2	04x28_5_-_Destiny	1
real	ADJ	13	04x28_5_-_Destiny	1
repulsive	ADJ	3	04x28_5_-_Destiny	1
resolve	ADJ	9	04x28_5_-_Destiny	1
rid	ADJ	1	04x28_5_-_Destiny	1
right	ADJ	36	04x28_5_-_Destiny	6
safe	ADJ	7	04x28_5_-_Destiny	1
single	ADJ	10	04x28_5_-_Destiny	1
slow	ADJ	11	04x28_5_-_Destiny	1
soft	ADJ	20	04x28_5_-_Destiny	3
strong	ADJ	10	04x28_5_-_Destiny	2
stupid	ADJ	4	04x28_5_-_Destiny	1
such	ADJ	2	04x28_5_-_Destiny	1
superior	ADJ	13	04x28_5_-_Destiny	1
sure	ADJ	10	04x28_5_-_Destiny	3
true	ADJ	15	04x28_5_-_Destiny	5
unforgivable	ADJ	1	04x28_5_-_Destiny	1
useless	ADJ	1	04x28_5_-_Destiny	5
utmost	ADJ	4	04x28_5_-_Destiny	2
willing	ADJ	6	04x28_5_-_Destiny	1
wrong	ADJ	13	04x28_5_-_Destiny	3
young	ADJ	14	04x28_5_-_Destiny	1
able	ADJ	4	04x01_-_Gold_Experience_-_Golden_Wind	3
afraid	ADJ	4	04x01_-_Gold_Experience_-_Golden_Wind	1
alive	ADJ	7	04x01_-_Gold_Experience_-_Golden_Wind	1
amazing	ADJ	4	04x01_-_Gold_Experience_-_Golden_Wind	2
bad	ADJ	17	04x01_-_Gold_Experience_-_Golden_Wind	4
basic	ADJ	6	04x01_-_Gold_Experience_-_Golden_Wind	1
beautiful	ADJ	2	04x01_-_Gold_Experience_-_Golden_Wind	1
blond	ADJ	3	04x01_-_Gold_Experience_-_Golden_Wind	1
careful	ADJ	5	04x01_-_Gold_Experience_-_Golden_Wind	1
careless	ADJ	3	04x01_-_Gold_Experience_-_Golden_Wind	1
certain	ADJ	7	04x01_-_Gold_Experience_-_Golden_Wind	1
cheap	ADJ	4	04x01_-_Gold_Experience_-_Golden_Wind	3
cool	ADJ	11	04x01_-_Gold_Experience_-_Golden_Wind	1
creepy	ADJ	2	04x01_-_Gold_Experience_-_Golden_Wind	1
dangerous	ADJ	2	04x01_-_Gold_Experience_-_Golden_Wind	1
dead	ADJ	21	04x01_-_Gold_Experience_-_Golden_Wind	1
different	ADJ	5	04x01_-_Gold_Experience_-_Golden_Wind	1
dumb	ADJ	4	04x01_-_Gold_Experience_-_Golden_Wind	1
earnest	ADJ	4	04x01_-_Gold_Experience_-_Golden_Wind	2
eloquent	ADJ	1	04x01_-_Gold_Experience_-_Golden_Wind	1
empty	ADJ	10	04x01_-_Gold_Experience_-_Golden_Wind	1
entertaining	ADJ	4	04x01_-_Gold_Experience_-_Golden_Wind	1
expensive	ADJ	1	04x01_-_Gold_Experience_-_Golden_Wind	1
famous	ADJ	1	04x01_-_Gold_Experience_-_Golden_Wind	1
fast	ADJ	15	04x01_-_Gold_Experience_-_Golden_Wind	2
fatal	ADJ	4	04x01_-_Gold_Experience_-_Golden_Wind	1
first	ADJ	16	04x01_-_Gold_Experience_-_Golden_Wind	3
good	ADJ	27	04x01_-_Gold_Experience_-_Golden_Wind	3
great	ADJ	7	04x01_-_Gold_Experience_-_Golden_Wind	1
gross	ADJ	10	04x01_-_Gold_Experience_-_Golden_Wind	1
harmless	ADJ	1	04x01_-_Gold_Experience_-_Golden_Wind	1
heavy	ADJ	30	04x01_-_Gold_Experience_-_Golden_Wind	1
high	ADJ	18	04x01_-_Gold_Experience_-_Golden_Wind	1
hilarious	ADJ	1	04x01_-_Gold_Experience_-_Golden_Wind	1
honest	ADJ	7	04x01_-_Gold_Experience_-_Golden_Wind	1
horrible	ADJ	1	04x01_-_Gold_Experience_-_Golden_Wind	1
impossible	ADJ	4	04x01_-_Gold_Experience_-_Golden_Wind	2
internal	ADJ	5	04x01_-_Gold_Experience_-_Golden_Wind	5
japanese	ADJ	3	04x01_-_Gold_Experience_-_Golden_Wind	4
jealous	ADJ	2	04x01_-_Gold_Experience_-_Golden_Wind	1
last	ADJ	21	04x01_-_Gold_Experience_-_Golden_Wind	1
least	ADJ	3	04x01_-_Gold_Experience_-_Golden_Wind	1
little	ADJ	10	04x01_-_Gold_Experience_-_Golden_Wind	1
long	ADJ	12	04x01_-_Gold_Experience_-_Golden_Wind	1
loud	ADJ	4	04x01_-_Gold_Experience_-_Golden_Wind	1
loyal	ADJ	3	04x01_-_Gold_Experience_-_Golden_Wind	1
main	ADJ	5	04x01_-_Gold_Experience_-_Golden_Wind	36
many	ADJ	1	04x01_-_Gold_Experience_-_Golden_Wind	1
middle	ADJ	9	04x01_-_Gold_Experience_-_Golden_Wind	1
more	ADJ	5	04x01_-_Gold_Experience_-_Golden_Wind	4
much	ADJ	7	04x01_-_Gold_Experience_-_Golden_Wind	1
new	ADJ	12	04x01_-_Gold_Experience_-_Golden_Wind	1
nice	ADJ	6	04x01_-_Gold_Experience_-_Golden_Wind	1
okay	ADJ	4	04x01_-_Gold_Experience_-_Golden_Wind	2
old	ADJ	9	04x01_-_Gold_Experience_-_Golden_Wind	1
only	ADJ	9	04x01_-_Gold_Experience_-_Golden_Wind	1
ordinary	ADJ	7	04x01_-_Gold_Experience_-_Golden_Wind	1
other	ADJ	4	04x01_-_Gold_Experience_-_Golden_Wind	5
own	ADJ	2	04x01_-_Gold_Experience_-_Golden_Wind	7
part	ADJ	18	04x01_-_Gold_Experience_-_Golden_Wind	1
possible	ADJ	4	04x01_-_Gold_Experience_-_Golden_Wind	1
powerful	ADJ	6	04x01_-_Gold_Experience_-_Golden_Wind	2
responsible	ADJ	3	04x01_-_Gold_Experience_-_Golden_Wind	2
right	ADJ	36	04x01_-_Gold_Experience_-_Golden_Wind	8
rude	ADJ	5	04x01_-_Gold_Experience_-_Golden_Wind	1
safe	ADJ	7	04x01_-_Gold_Experience_-_Golden_Wind	2
same	ADJ	6	04x01_-_Gold_Experience_-_Golden_Wind	3
second	ADJ	15	04x01_-_Gold_Experience_-_Golden_Wind	3
serious	ADJ	6	04x01_-_Gold_Experience_-_Golden_Wind	2
shiny	ADJ	3	04x01_-_Gold_Experience_-_Golden_Wind	1
similar	ADJ	5	04x01_-_Gold_Experience_-_Golden_Wind	1
sorry	ADJ	4	04x01_-_Gold_Experience_-_Golden_Wind	5
southern	ADJ	4	04x01_-_Gold_Experience_-_Golden_Wind	1
special	ADJ	10	04x01_-_Gold_Experience_-_Golden_Wind	1
sure	ADJ	10	04x01_-_Gold_Experience_-_Golden_Wind	6
thin	ADJ	13	04x01_-_Gold_Experience_-_Golden_Wind	1
third	ADJ	8	04x01_-_Gold_Experience_-_Golden_Wind	3
tiring	ADJ	5	04x01_-_Gold_Experience_-_Golden_Wind	1
unconscious	ADJ	4	04x01_-_Gold_Experience_-_Golden_Wind	1
unusual	ADJ	3	04x01_-_Gold_Experience_-_Golden_Wind	1
useless	ADJ	1	04x01_-_Gold_Experience_-_Golden_Wind	5
well	ADJ	22	04x01_-_Gold_Experience_-_Golden_Wind	1
whole	ADJ	8	04x01_-_Gold_Experience_-_Golden_Wind	2
wrong	ADJ	13	04x01_-_Gold_Experience_-_Golden_Wind	1
-	ADJ	0	04x31_-_Green_Day_and_Oasis__Part_2_-_Green_Tea_and_Sanctuary__Part_2	2
More	ADJ	5	04x31_-_Green_Day_and_Oasis__Part_2_-_Green_Tea_and_Sanctuary__Part_2	1
able	ADJ	4	04x31_-_Green_Day_and_Oasis__Part_2_-_Green_Tea_and_Sanctuary__Part_2	5
alive	ADJ	7	04x31_-_Green_Day_and_Oasis__Part_2_-_Green_Tea_and_Sanctuary__Part_2	3
aware	ADJ	2	04x31_-_Green_Day_and_Oasis__Part_2_-_Green_Tea_and_Sanctuary__Part_2	1
blessed	ADJ	10	04x31_-_Green_Day_and_Oasis__Part_2_-_Green_Tea_and_Sanctuary__Part_2	2
busy	ADJ	6	04x31_-_Green_Day_and_Oasis__Part_2_-_Green_Tea_and_Sanctuary__Part_2	1
caref	ADJ	0	04x31_-_Green_Day_and_Oasis__Part_2_-_Green_Tea_and_Sanctuary__Part_2	1
clear	ADJ	45	04x31_-_Green_Day_and_Oasis__Part_2_-_Green_Tea_and_Sanctuary__Part_2	1
clever	ADJ	3	04x31_-_Green_Day_and_Oasis__Part_2_-_Green_Tea_and_Sanctuary__Part_2	1
close	ADJ	37	04x31_-_Green_Day_and_Oasis__Part_2_-_Green_Tea_and_Sanctuary__Part_2	3
cornered	ADJ	4	04x31_-_Green_Day_and_Oasis__Part_2_-_Green_Tea_and_Sanctuary__Part_2	1
dangerous	ADJ	2	04x31_-_Green_Day_and_Oasis__Part_2_-_Green_Tea_and_Sanctuary__Part_2	1
dead	ADJ	21	04x31_-_Green_Day_and_Oasis__Part_2_-_Green_Tea_and_Sanctuary__Part_2	3
exact	ADJ	4	04x31_-_Green_Day_and_Oasis__Part_2_-_Green_Tea_and_Sanctuary__Part_2	1
fast	ADJ	15	04x31_-_Green_Day_and_Oasis__Part_2_-_Green_Tea_and_Sanctuary__Part_2	1
few	ADJ	2	04x31_-_Green_Day_and_Oasis__Part_2_-_Green_Tea_and_Sanctuary__Part_2	2
final	ADJ	5	04x31_-_Green_Day_and_Oasis__Part_2_-_Green_Tea_and_Sanctuary__Part_2	1
first	ADJ	16	04x31_-_Green_Day_and_Oasis__Part_2_-_Green_Tea_and_Sanctuary__Part_2	1
free	ADJ	22	04x31_-_Green_Day_and_Oasis__Part_2_-_Green_Tea_and_Sanctuary__Part_2	1
full	ADJ	13	04x31_-_Green_Day_and_Oasis__Part_2_-_Green_Tea_and_Sanctuary__Part_2	1
good	ADJ	27	04x31_-_Green_Day_and_Oasis__Part_2_-_Green_Tea_and_Sanctuary__Part_2	4
grateful	ADJ	2	04x31_-_Green_Day_and_Oasis__Part_2_-_Green_Tea_and_Sanctuary__Part_2	1
hi	ADJ	2	04x31_-_Green_Day_and_Oasis__Part_2_-_Green_Tea_and_Sanctuary__Part_2	1
honest	ADJ	7	04x31_-_Green_Day_and_Oasis__Part_2_-_Green_Tea_and_Sanctuary__Part_2	1
human	ADJ	4	04x31_-_Green_Day_and_Oasis__Part_2_-_Green_Tea_and_Sanctuary__Part_2	1
important	ADJ	5	04x31_-_Green_Day_and_Oasis__Part_2_-_Green_Tea_and_Sanctuary__Part_2	1
impossible	ADJ	4	04x31_-_Green_Day_and_Oasis__Part_2_-_Green_Tea_and_Sanctuary__Part_2	1
internal	ADJ	5	04x31_-_Green_Day_and_Oasis__Part_2_-_Green_Tea_and_Sanctuary__Part_2	3
invincible	ADJ	1	04x31_-_Green_Day_and_Oasis__Part_2_-_Green_Tea_and_Sanctuary__Part_2	1
last	ADJ	21	04x31_-_Green_Day_and_Oasis__Part_2_-_Green_Tea_and_Sanctuary__Part_2	1
little	ADJ	10	04x31_-_Green_Day_and_Oasis__Part_2_-_Green_Tea_and_Sanctuary__Part_2	1
long	ADJ	12	04x31_-_Green_Day_and_Oasis__Part_2_-_Green_Tea_and_Sanctuary__Part_2	1
low	ADJ	16	04x31_-_Green_Day_and_Oasis__Part_2_-_Green_Tea_and_Sanctuary__Part_2	1
lucky	ADJ	3	04x31_-_Green_Day_and_Oasis__Part_2_-_Green_Tea_and_Sanctuary__Part_2	1
main	ADJ	5	04x31_-_Green_Day_and_Oasis__Part_2_-_Green_Tea_and_Sanctuary__Part_2	17
many	ADJ	1	04x31_-_Green_Day_and_Oasis__Part_2_-_Green_Tea_and_Sanctuary__Part_2	2
mean	ADJ	16	04x31_-_Green_Day_and_Oasis__Part_2_-_Green_Tea_and_Sanctuary__Part_2	1
medical	ADJ	4	04x31_-_Green_Day_and_Oasis__Part_2_-_Green_Tea_and_Sanctuary__Part_2	1
mental	ADJ	5	04x31_-_Green_Day_and_Oasis__Part_2_-_Green_Tea_and_Sanctuary__Part_2	2
more	ADJ	5	04x31_-_Green_Day_and_Oasis__Part_2_-_Green_Tea_and_Sanctuary__Part_2	2
much	ADJ	7	04x31_-_Green_Day_and_Oasis__Part_2_-_Green_Tea_and_Sanctuary__Part_2	1
only	ADJ	9	04x31_-_Green_Day_and_Oasis__Part_2_-_Green_Tea_and_Sanctuary__Part_2	1
perfect	ADJ	5	04x31_-_Green_Day_and_Oasis__Part_2_-_Green_Tea_and_Sanctuary__Part_2	1
pitiful	ADJ	3	04x31_-_Green_Day_and_Oasis__Part_2_-_Green_Tea_and_Sanctuary__Part_2	1
right	ADJ	36	04x31_-_Green_Day_and_Oasis__Part_2_-_Green_Tea_and_Sanctuary__Part_2	6
second	ADJ	15	04x31_-_Green_Day_and_Oasis__Part_2_-_Green_Tea_and_Sanctuary__Part_2	1
sever	ADJ	2	04x31_-_Green_Day_and_Oasis__Part_2_-_Green_Tea_and_Sanctuary__Part_2	1
strong	ADJ	10	04x31_-_Green_Day_and_Oasis__Part_2_-_Green_Tea_and_Sanctuary__Part_2	3
subclavian	ADJ	1	04x31_-_Green_Day_and_Oasis__Part_2_-_Green_Tea_and_Sanctuary__Part_2	1
sure	ADJ	10	04x31_-_Green_Day_and_Oasis__Part_2_-_Green_Tea_and_Sanctuary__Part_2	2
true	ADJ	15	04x31_-_Green_Day_and_Oasis__Part_2_-_Green_Tea_and_Sanctuary__Part_2	2
underground	ADJ	6	04x31_-_Green_Day_and_Oasis__Part_2_-_Green_Tea_and_Sanctuary__Part_2	1
useless	ADJ	1	04x31_-_Green_Day_and_Oasis__Part_2_-_Green_Tea_and_Sanctuary__Part_2	50
utter	ADJ	6	04x31_-_Green_Day_and_Oasis__Part_2_-_Green_Tea_and_Sanctuary__Part_2	2
weak	ADJ	12	04x31_-_Green_Day_and_Oasis__Part_2_-_Green_Tea_and_Sanctuary__Part_2	1
able	ADJ	4	04x13_5_-_The_Beginning_of_Golden_Wind	5
about	ADJ	8	04x13_5_-_The_Beginning_of_Golden_Wind	2
absolute	ADJ	6	04x13_5_-_The_Beginning_of_Golden_Wind	1
annoying	ADJ	3	04x13_5_-_The_Beginning_of_Golden_Wind	1
awkward	ADJ	6	04x13_5_-_The_Beginning_of_Golden_Wind	1
bad	ADJ	17	04x13_5_-_The_Beginning_of_Golden_Wind	4
big	ADJ	17	04x13_5_-_The_Beginning_of_Golden_Wind	1
clean	ADJ	31	04x13_5_-_The_Beginning_of_Golden_Wind	1
close	ADJ	37	04x13_5_-_The_Beginning_of_Golden_Wind	3
crazy	ADJ	6	04x13_5_-_The_Beginning_of_Golden_Wind	1
creepy	ADJ	2	04x13_5_-_The_Beginning_of_Golden_Wind	1
despicable	ADJ	1	04x13_5_-_The_Beginning_of_Golden_Wind	1
determined	ADJ	13	04x13_5_-_The_Beginning_of_Golden_Wind	1
fine	ADJ	10	04x13_5_-_The_Beginning_of_Golden_Wind	1
first	ADJ	16	04x13_5_-_The_Beginning_of_Golden_Wind	1
forgivable	ADJ	1	04x13_5_-_The_Beginning_of_Golden_Wind	1
good	ADJ	27	04x13_5_-_The_Beginning_of_Golden_Wind	4
hard	ADJ	22	04x13_5_-_The_Beginning_of_Golden_Wind	1
heavy	ADJ	30	04x13_5_-_The_Beginning_of_Golden_Wind	1
high	ADJ	18	04x13_5_-_The_Beginning_of_Golden_Wind	1
important	ADJ	5	04x13_5_-_The_Beginning_of_Golden_Wind	3
impossible	ADJ	4	04x13_5_-_The_Beginning_of_Golden_Wind	1
incredible	ADJ	1	04x13_5_-_The_Beginning_of_Golden_Wind	1
innocent	ADJ	8	04x13_5_-_The_Beginning_of_Golden_Wind	1
intelligent	ADJ	4	04x13_5_-_The_Beginning_of_Golden_Wind	1
intense	ADJ	3	04x13_5_-_The_Beginning_of_Golden_Wind	1
internal	ADJ	5	04x13_5_-_The_Beginning_of_Golden_Wind	16
jeez	ADJ	0	04x13_5_-_The_Beginning_of_Golden_Wind	1
lame	ADJ	5	04x13_5_-_The_Beginning_of_Golden_Wind	1
last	ADJ	21	04x13_5_-_The_Beginning_of_Golden_Wind	4
left	ADJ	24	04x13_5_-_The_Beginning_of_Golden_Wind	4
light	ADJ	47	04x13_5_-_The_Beginning_of_Golden_Wind	5
little	ADJ	10	04x13_5_-_The_Beginning_of_Golden_Wind	5
loose	ADJ	18	04x13_5_-_The_Beginning_of_Golden_Wind	1
main	ADJ	5	04x13_5_-_The_Beginning_of_Golden_Wind	17
more	ADJ	5	04x13_5_-_The_Beginning_of_Golden_Wind	3
normal	ADJ	5	04x13_5_-_The_Beginning_of_Golden_Wind	1
old	ADJ	9	04x13_5_-_The_Beginning_of_Golden_Wind	1
open	ADJ	36	04x13_5_-_The_Beginning_of_Golden_Wind	1
other	ADJ	4	04x13_5_-_The_Beginning_of_Golden_Wind	3
ow	ADJ	0	04x13_5_-_The_Beginning_of_Golden_Wind	1
own	ADJ	2	04x13_5_-_The_Beginning_of_Golden_Wind	1
perfect	ADJ	5	04x13_5_-_The_Beginning_of_Golden_Wind	1
possible	ADJ	4	04x13_5_-_The_Beginning_of_Golden_Wind	4
powerful	ADJ	6	04x13_5_-_The_Beginning_of_Golden_Wind	2
ready	ADJ	8	04x13_5_-_The_Beginning_of_Golden_Wind	1
real	ADJ	13	04x13_5_-_The_Beginning_of_Golden_Wind	1
right	ADJ	36	04x13_5_-_The_Beginning_of_Golden_Wind	2
safe	ADJ	7	04x13_5_-_The_Beginning_of_Golden_Wind	1
same	ADJ	6	04x13_5_-_The_Beginning_of_Golden_Wind	3
secret	ADJ	14	04x13_5_-_The_Beginning_of_Golden_Wind	2
several	ADJ	3	04x13_5_-_The_Beginning_of_Golden_Wind	1
sharp	ADJ	15	04x13_5_-_The_Beginning_of_Golden_Wind	1
slow	ADJ	11	04x13_5_-_The_Beginning_of_Golden_Wind	3
small	ADJ	13	04x13_5_-_The_Beginning_of_Golden_Wind	2
strong	ADJ	10	04x13_5_-_The_Beginning_of_Golden_Wind	1
stupid	ADJ	4	04x13_5_-_The_Beginning_of_Golden_Wind	1
sure	ADJ	10	04x13_5_-_The_Beginning_of_Golden_Wind	1
terrifying	ADJ	2	04x13_5_-_The_Beginning_of_Golden_Wind	1
tiny	ADJ	1	04x13_5_-_The_Beginning_of_Golden_Wind	1
true	ADJ	15	04x13_5_-_The_Beginning_of_Golden_Wind	1
trustworthy	ADJ	2	04x13_5_-_The_Beginning_of_Golden_Wind	2
unable	ADJ	3	04x13_5_-_The_Beginning_of_Golden_Wind	1
unbelievable	ADJ	2	04x13_5_-_The_Beginning_of_Golden_Wind	1
unlucky	ADJ	2	04x13_5_-_The_Beginning_of_Golden_Wind	1
useless	ADJ	1	04x13_5_-_The_Beginning_of_Golden_Wind	9
well	ADJ	22	04x13_5_-_The_Beginning_of_Golden_Wind	1
whole	ADJ	8	04x13_5_-_The_Beginning_of_Golden_Wind	1
wobbly	ADJ	2	04x13_5_-_The_Beginning_of_Golden_Wind	1
worth	ADJ	5	04x13_5_-_The_Beginning_of_Golden_Wind	1
wrong	ADJ	13	04x13_5_-_The_Beginning_of_Golden_Wind	3
-	ADJ	0	04x25_-_Spice_Girl_-_Spicy_Lady	1
able	ADJ	4	04x25_-_Spice_Girl_-_Spicy_Lady	5
alive	ADJ	7	04x25_-_Spice_Girl_-_Spicy_Lady	4
chinese	ADJ	4	04x25_-_Spice_Girl_-_Spicy_Lady	1
complete	ADJ	10	04x25_-_Spice_Girl_-_Spicy_Lady	1
dangerous	ADJ	2	04x25_-_Spice_Girl_-_Spicy_Lady	1
dead	ADJ	21	04x25_-_Spice_Girl_-_Spicy_Lady	2
elastic	ADJ	4	04x25_-_Spice_Girl_-_Spicy_Lady	2
fast	ADJ	15	04x25_-_Spice_Girl_-_Spicy_Lady	2
fitting	ADJ	15	04x25_-_Spice_Girl_-_Spicy_Lady	1
fleshy	ADJ	2	04x25_-_Spice_Girl_-_Spicy_Lady	1
hard	ADJ	22	04x25_-_Spice_Girl_-_Spicy_Lady	1
important	ADJ	5	04x25_-_Spice_Girl_-_Spicy_Lady	1
impossible	ADJ	4	04x25_-_Spice_Girl_-_Spicy_Lady	3
internal	ADJ	5	04x25_-_Spice_Girl_-_Spicy_Lady	18
invincible	ADJ	1	04x25_-_Spice_Girl_-_Spicy_Lady	4
lame	ADJ	5	04x25_-_Spice_Girl_-_Spicy_Lady	1
least	ADJ	3	04x25_-_Spice_Girl_-_Spicy_Lady	1
left	ADJ	24	04x25_-_Spice_Girl_-_Spicy_Lady	5
likely	ADJ	5	04x25_-_Spice_Girl_-_Spicy_Lady	1
little	ADJ	10	04x25_-_Spice_Girl_-_Spicy_Lady	2
local	ADJ	5	04x25_-_Spice_Girl_-_Spicy_Lady	1
main	ADJ	5	04x25_-_Spice_Girl_-_Spicy_Lady	20
more	ADJ	5	04x25_-_Spice_Girl_-_Spicy_Lady	2
new	ADJ	12	04x25_-_Spice_Girl_-_Spicy_Lady	1
okay	ADJ	4	04x25_-_Spice_Girl_-_Spicy_Lady	1
ominous	ADJ	2	04x25_-_Spice_Girl_-_Spicy_Lady	1
only	ADJ	9	04x25_-_Spice_Girl_-_Spicy_Lady	1
open	ADJ	36	04x25_-_Spice_Girl_-_Spicy_Lady	1
opposite	ADJ	11	04x25_-_Spice_Girl_-_Spicy_Lady	2
other	ADJ	4	04x25_-_Spice_Girl_-_Spicy_Lady	1
past	ADJ	6	04x25_-_Spice_Girl_-_Spicy_Lady	1
powerful	ADJ	6	04x25_-_Spice_Girl_-_Spicy_Lady	1
private	ADJ	5	04x25_-_Spice_Girl_-_Spicy_Lady	1
right	ADJ	36	04x25_-_Spice_Girl_-_Spicy_Lady	1
safe	ADJ	7	04x25_-_Spice_Girl_-_Spicy_Lady	1
second	ADJ	15	04x25_-_Spice_Girl_-_Spicy_Lady	3
several	ADJ	3	04x25_-_Spice_Girl_-_Spicy_Lady	1
severe	ADJ	6	04x25_-_Spice_Girl_-_Spicy_Lady	1
slow	ADJ	11	04x25_-_Spice_Girl_-_Spicy_Lady	2
small	ADJ	13	04x25_-_Spice_Girl_-_Spicy_Lady	1
soft	ADJ	20	04x25_-_Spice_Girl_-_Spicy_Lady	7
strange	ADJ	3	04x25_-_Spice_Girl_-_Spicy_Lady	2
strong	ADJ	10	04x25_-_Spice_Girl_-_Spicy_Lady	2
stupid	ADJ	4	04x25_-_Spice_Girl_-_Spicy_Lady	1
sure	ADJ	10	04x25_-_Spice_Girl_-_Spicy_Lady	1
tiny	ADJ	1	04x25_-_Spice_Girl_-_Spicy_Lady	2
tricky	ADJ	3	04x25_-_Spice_Girl_-_Spicy_Lady	1
troublesome	ADJ	1	04x25_-_Spice_Girl_-_Spicy_Lady	1
true	ADJ	15	04x25_-_Spice_Girl_-_Spicy_Lady	2
unbelievable	ADJ	2	04x25_-_Spice_Girl_-_Spicy_Lady	1
unfortunate	ADJ	4	04x25_-_Spice_Girl_-_Spicy_Lady	1
vengeful	ADJ	1	04x25_-_Spice_Girl_-_Spicy_Lady	1
wet	ADJ	9	04x25_-_Spice_Girl_-_Spicy_Lady	2
wide	ADJ	11	04x25_-_Spice_Girl_-_Spicy_Lady	1
wrong	ADJ	13	04x25_-_Spice_Girl_-_Spicy_Lady	1
young	ADJ	14	04x25_-_Spice_Girl_-_Spicy_Lady	1
able	ADJ	4	04x04_-_Joining_the_g_ng_-_Joining_the_Famiglia	9
about	ADJ	8	04x04_-_Joining_the_g_ng_-_Joining_the_Famiglia	1
alive	ADJ	7	04x04_-_Joining_the_g_ng_-_Joining_the_Famiglia	1
amazing	ADJ	4	04x04_-_Joining_the_g_ng_-_Joining_the_Famiglia	1
available	ADJ	3	04x04_-_Joining_the_g_ng_-_Joining_the_Famiglia	1
awful	ADJ	7	04x04_-_Joining_the_g_ng_-_Joining_the_Famiglia	1
berserk	ADJ	2	04x04_-_Joining_the_g_ng_-_Joining_the_Famiglia	1
blank	ADJ	8	04x04_-_Joining_the_g_ng_-_Joining_the_Famiglia	1
close	ADJ	37	04x04_-_Joining_the_g_ng_-_Joining_the_Famiglia	1
clueless	ADJ	1	04x04_-_Joining_the_g_ng_-_Joining_the_Famiglia	1
dangerous	ADJ	2	04x04_-_Joining_the_g_ng_-_Joining_the_Famiglia	1
dark	ADJ	16	04x04_-_Joining_the_g_ng_-_Joining_the_Famiglia	1
dead	ADJ	21	04x04_-_Joining_the_g_ng_-_Joining_the_Famiglia	3
despicable	ADJ	1	04x04_-_Joining_the_g_ng_-_Joining_the_Famiglia	1
determined	ADJ	13	04x04_-_Joining_the_g_ng_-_Joining_the_Famiglia	1
easy	ADJ	15	04x04_-_Joining_the_g_ng_-_Joining_the_Famiglia	1
fine	ADJ	10	04x04_-_Joining_the_g_ng_-_Joining_the_Famiglia	2
first	ADJ	16	04x04_-_Joining_the_g_ng_-_Joining_the_Famiglia	2
foolish	ADJ	2	04x04_-_Joining_the_g_ng_-_Joining_the_Famiglia	1
forgivable	ADJ	1	04x04_-_Joining_the_g_ng_-_Joining_the_Famiglia	1
golden	ADJ	6	04x04_-_Joining_the_g_ng_-_Joining_the_Famiglia	1
good	ADJ	27	04x04_-_Joining_the_g_ng_-_Joining_the_Famiglia	2
gross	ADJ	10	04x04_-_Joining_the_g_ng_-_Joining_the_Famiglia	1
heavy	ADJ	30	04x04_-_Joining_the_g_ng_-_Joining_the_Famiglia	5
high	ADJ	18	04x04_-_Joining_the_g_ng_-_Joining_the_Famiglia	1
important	ADJ	5	04x04_-_Joining_the_g_ng_-_Joining_the_Famiglia	3
impossible	ADJ	4	04x04_-_Joining_the_g_ng_-_Joining_the_Famiglia	1
innocent	ADJ	8	04x04_-_Joining_the_g_ng_-_Joining_the_Famiglia	2
internal	ADJ	5	04x04_-_Joining_the_g_ng_-_Joining_the_Famiglia	3
last	ADJ	21	04x04_-_Joining_the_g_ng_-_Joining_the_Famiglia	1
less	ADJ	5	04x04_-_Joining_the_g_ng_-_Joining_the_Famiglia	1
light	ADJ	47	04x04_-_Joining_the_g_ng_-_Joining_the_Famiglia	9
little	ADJ	10	04x04_-_Joining_the_g_ng_-_Joining_the_Famiglia	1
long	ADJ	12	04x04_-_Joining_the_g_ng_-_Joining_the_Famiglia	3
main	ADJ	5	04x04_-_Joining_the_g_ng_-_Joining_the_Famiglia	23
more	ADJ	5	04x04_-_Joining_the_g_ng_-_Joining_the_Famiglia	5
old	ADJ	9	04x04_-_Joining_the_g_ng_-_Joining_the_Famiglia	6
only	ADJ	9	04x04_-_Joining_the_g_ng_-_Joining_the_Famiglia	3
other	ADJ	4	04x04_-_Joining_the_g_ng_-_Joining_the_Famiglia	3
own	ADJ	2	04x04_-_Joining_the_g_ng_-_Joining_the_Famiglia	1
passionate	ADJ	1	04x04_-_Joining_the_g_ng_-_Joining_the_Famiglia	1
perfect	ADJ	5	04x04_-_Joining_the_g_ng_-_Joining_the_Famiglia	1
possible	ADJ	4	04x04_-_Joining_the_g_ng_-_Joining_the_Famiglia	5
powerful	ADJ	6	04x04_-_Joining_the_g_ng_-_Joining_the_Famiglia	1
religious	ADJ	5	04x04_-_Joining_the_g_ng_-_Joining_the_Famiglia	1
right	ADJ	36	04x04_-_Joining_the_g_ng_-_Joining_the_Famiglia	3
righteous	ADJ	2	04x04_-_Joining_the_g_ng_-_Joining_the_Famiglia	1
same	ADJ	6	04x04_-_Joining_the_g_ng_-_Joining_the_Famiglia	1
sane	ADJ	2	04x04_-_Joining_the_g_ng_-_Joining_the_Famiglia	1
similar	ADJ	5	04x04_-_Joining_the_g_ng_-_Joining_the_Famiglia	2
simple	ADJ	9	04x04_-_Joining_the_g_ng_-_Joining_the_Famiglia	1
slow	ADJ	11	04x04_-_Joining_the_g_ng_-_Joining_the_Famiglia	3
sorry	ADJ	4	04x04_-_Joining_the_g_ng_-_Joining_the_Famiglia	2
special	ADJ	10	04x04_-_Joining_the_g_ng_-_Joining_the_Famiglia	1
sticky	ADJ	5	04x04_-_Joining_the_g_ng_-_Joining_the_Famiglia	1
strong	ADJ	10	04x04_-_Joining_the_g_ng_-_Joining_the_Famiglia	2
sudden	ADJ	1	04x04_-_Joining_the_g_ng_-_Joining_the_Famiglia	1
sure	ADJ	10	04x04_-_Joining_the_g_ng_-_Joining_the_Famiglia	2
uninjured	ADJ	1	04x04_-_Joining_the_g_ng_-_Joining_the_Famiglia	1
useless	ADJ	1	04x04_-_Joining_the_g_ng_-_Joining_the_Famiglia	9
worth	ADJ	5	04x04_-_Joining_the_g_ng_-_Joining_the_Famiglia	1
wrong	ADJ	13	04x04_-_Joining_the_g_ng_-_Joining_the_Famiglia	4
young	ADJ	14	04x04_-_Joining_the_g_ng_-_Joining_the_Famiglia	1
able	ADJ	4	04x15_-_The_Grateful_Dead__Part_1_-_Thankful_Death__Part_1	3
about	ADJ	8	04x15_-_The_Grateful_Dead__Part_1_-_Thankful_Death__Part_1	2
alive	ADJ	7	04x15_-_The_Grateful_Dead__Part_1_-_Thankful_Death__Part_1	1
animal	ADJ	2	04x15_-_The_Grateful_Dead__Part_1_-_Thankful_Death__Part_1	1
attentive	ADJ	2	04x15_-_The_Grateful_Dead__Part_1_-_Thankful_Death__Part_1	1
aware	ADJ	2	04x15_-_The_Grateful_Dead__Part_1_-_Thankful_Death__Part_1	1
awesome	ADJ	1	04x15_-_The_Grateful_Dead__Part_1_-_Thankful_Death__Part_1	1
bad	ADJ	17	04x15_-_The_Grateful_Dead__Part_1_-_Thankful_Death__Part_1	1
black	ADJ	22	04x15_-_The_Grateful_Dead__Part_1_-_Thankful_Death__Part_1	3
bright	ADJ	11	04x15_-_The_Grateful_Dead__Part_1_-_Thankful_Death__Part_1	1
clear	ADJ	45	04x15_-_The_Grateful_Dead__Part_1_-_Thankful_Death__Part_1	1
cold	ADJ	16	04x15_-_The_Grateful_Dead__Part_1_-_Thankful_Death__Part_1	1
concerned	ADJ	5	04x15_-_The_Grateful_Dead__Part_1_-_Thankful_Death__Part_1	1
confident	ADJ	3	04x15_-_The_Grateful_Dead__Part_1_-_Thankful_Death__Part_1	2
dead	ADJ	21	04x15_-_The_Grateful_Dead__Part_1_-_Thankful_Death__Part_1	2
deep	ADJ	21	04x15_-_The_Grateful_Dead__Part_1_-_Thankful_Death__Part_1	1
different	ADJ	5	04x15_-_The_Grateful_Dead__Part_1_-_Thankful_Death__Part_1	1
due	ADJ	7	04x15_-_The_Grateful_Dead__Part_1_-_Thankful_Death__Part_1	1
enough	ADJ	3	04x15_-_The_Grateful_Dead__Part_1_-_Thankful_Death__Part_1	1
excellent	ADJ	1	04x15_-_The_Grateful_Dead__Part_1_-_Thankful_Death__Part_1	1
fast	ADJ	15	04x15_-_The_Grateful_Dead__Part_1_-_Thankful_Death__Part_1	3
fatty	ADJ	2	04x15_-_The_Grateful_Dead__Part_1_-_Thankful_Death__Part_1	2
first	ADJ	16	04x15_-_The_Grateful_Dead__Part_1_-_Thankful_Death__Part_1	1
friggin	ADJ	0	04x15_-_The_Grateful_Dead__Part_1_-_Thankful_Death__Part_1	3
full	ADJ	13	04x15_-_The_Grateful_Dead__Part_1_-_Thankful_Death__Part_1	2
hard	ADJ	22	04x15_-_The_Grateful_Dead__Part_1_-_Thankful_Death__Part_1	2
heavy	ADJ	30	04x15_-_The_Grateful_Dead__Part_1_-_Thankful_Death__Part_1	1
incredible	ADJ	1	04x15_-_The_Grateful_Dead__Part_1_-_Thankful_Death__Part_1	1
internal	ADJ	5	04x15_-_The_Grateful_Dead__Part_1_-_Thankful_Death__Part_1	1
intuitive	ADJ	2	04x15_-_The_Grateful_Dead__Part_1_-_Thankful_Death__Part_1	1
left	ADJ	24	04x15_-_The_Grateful_Dead__Part_1_-_Thankful_Death__Part_1	1
like	ADJ	11	04x15_-_The_Grateful_Dead__Part_1_-_Thankful_Death__Part_1	1
little	ADJ	10	04x15_-_The_Grateful_Dead__Part_1_-_Thankful_Death__Part_1	1
low	ADJ	16	04x15_-_The_Grateful_Dead__Part_1_-_Thankful_Death__Part_1	2
lucky	ADJ	3	04x15_-_The_Grateful_Dead__Part_1_-_Thankful_Death__Part_1	1
mad	ADJ	4	04x15_-_The_Grateful_Dead__Part_1_-_Thankful_Death__Part_1	2
main	ADJ	5	04x15_-_The_Grateful_Dead__Part_1_-_Thankful_Death__Part_1	17
minded	ADJ	8	04x15_-_The_Grateful_Dead__Part_1_-_Thankful_Death__Part_1	1
more	ADJ	5	04x15_-_The_Grateful_Dead__Part_1_-_Thankful_Death__Part_1	3
much	ADJ	7	04x15_-_The_Grateful_Dead__Part_1_-_Thankful_Death__Part_1	2
naïve	ADJ	0	04x15_-_The_Grateful_Dead__Part_1_-_Thankful_Death__Part_1	1
okay	ADJ	4	04x15_-_The_Grateful_Dead__Part_1_-_Thankful_Death__Part_1	1
old	ADJ	9	04x15_-_The_Grateful_Dead__Part_1_-_Thankful_Death__Part_1	4
other	ADJ	4	04x15_-_The_Grateful_Dead__Part_1_-_Thankful_Death__Part_1	4
pale	ADJ	7	04x15_-_The_Grateful_Dead__Part_1_-_Thankful_Death__Part_1	1
perfect	ADJ	5	04x15_-_The_Grateful_Dead__Part_1_-_Thankful_Death__Part_1	1
prepared	ADJ	11	04x15_-_The_Grateful_Dead__Part_1_-_Thankful_Death__Part_1	1
pro	ADJ	4	04x15_-_The_Grateful_Dead__Part_1_-_Thankful_Death__Part_1	5
right	ADJ	36	04x15_-_The_Grateful_Dead__Part_1_-_Thankful_Death__Part_1	3
same	ADJ	6	04x15_-_The_Grateful_Dead__Part_1_-_Thankful_Death__Part_1	1
scared	ADJ	4	04x15_-_The_Grateful_Dead__Part_1_-_Thankful_Death__Part_1	1
serious	ADJ	6	04x15_-_The_Grateful_Dead__Part_1_-_Thankful_Death__Part_1	2
simple	ADJ	9	04x15_-_The_Grateful_Dead__Part_1_-_Thankful_Death__Part_1	2
slow	ADJ	11	04x15_-_The_Grateful_Dead__Part_1_-_Thankful_Death__Part_1	1
smart	ADJ	9	04x15_-_The_Grateful_Dead__Part_1_-_Thankful_Death__Part_1	1
stiff	ADJ	11	04x15_-_The_Grateful_Dead__Part_1_-_Thankful_Death__Part_1	1
strange	ADJ	3	04x15_-_The_Grateful_Dead__Part_1_-_Thankful_Death__Part_1	1
sure	ADJ	10	04x15_-_The_Grateful_Dead__Part_1_-_Thankful_Death__Part_1	3
suspicious	ADJ	2	04x15_-_The_Grateful_Dead__Part_1_-_Thankful_Death__Part_1	1
thankful	ADJ	1	04x15_-_The_Grateful_Dead__Part_1_-_Thankful_Death__Part_1	5
trivial	ADJ	3	04x15_-_The_Grateful_Dead__Part_1_-_Thankful_Death__Part_1	1
unbeatable	ADJ	2	04x15_-_The_Grateful_Dead__Part_1_-_Thankful_Death__Part_1	1
warm	ADJ	13	04x15_-_The_Grateful_Dead__Part_1_-_Thankful_Death__Part_1	2
weak	ADJ	12	04x15_-_The_Grateful_Dead__Part_1_-_Thankful_Death__Part_1	1
weird	ADJ	3	04x15_-_The_Grateful_Dead__Part_1_-_Thankful_Death__Part_1	1
well	ADJ	22	04x15_-_The_Grateful_Dead__Part_1_-_Thankful_Death__Part_1	1
whole	ADJ	8	04x15_-_The_Grateful_Dead__Part_1_-_Thankful_Death__Part_1	1
willing	ADJ	6	04x15_-_The_Grateful_Dead__Part_1_-_Thankful_Death__Part_1	1
wrong	ADJ	13	04x15_-_The_Grateful_Dead__Part_1_-_Thankful_Death__Part_1	1
More	ADJ	5	04x19_-_White_Album_-_White_Ice	2
able	ADJ	4	04x19_-_White_Album_-_White_Ice	4
bad	ADJ	17	04x19_-_White_Album_-_White_Ice	5
bent	ADJ	13	04x19_-_White_Album_-_White_Ice	1
bored	ADJ	4	04x19_-_White_Album_-_White_Ice	1
bright	ADJ	11	04x19_-_White_Album_-_White_Ice	1
close	ADJ	37	04x19_-_White_Album_-_White_Ice	3
conscious	ADJ	3	04x19_-_White_Album_-_White_Ice	1
crazy	ADJ	6	04x19_-_White_Album_-_White_Ice	1
dangerous	ADJ	2	04x19_-_White_Album_-_White_Ice	1
determined	ADJ	13	04x19_-_White_Album_-_White_Ice	1
due	ADJ	7	04x19_-_White_Album_-_White_Ice	1
enough	ADJ	3	04x19_-_White_Album_-_White_Ice	1
excellent	ADJ	1	04x19_-_White_Album_-_White_Ice	1
fate	ADJ	4	04x19_-_White_Album_-_White_Ice	1
few	ADJ	2	04x19_-_White_Album_-_White_Ice	1
fine	ADJ	10	04x19_-_White_Album_-_White_Ice	2
frozen	ADJ	17	04x19_-_White_Album_-_White_Ice	1
full	ADJ	13	04x19_-_White_Album_-_White_Ice	1
futile	ADJ	2	04x19_-_White_Album_-_White_Ice	1
gentle	ADJ	10	04x19_-_White_Album_-_White_Ice	4
gentler	ADJ	7	04x19_-_White_Album_-_White_Ice	1
great	ADJ	7	04x19_-_White_Album_-_White_Ice	2
happy	ADJ	4	04x19_-_White_Album_-_White_Ice	1
hidden	ADJ	7	04x19_-_White_Album_-_White_Ice	1
immediate	ADJ	5	04x19_-_White_Album_-_White_Ice	1
impossible	ADJ	4	04x19_-_White_Album_-_White_Ice	1
insane	ADJ	2	04x19_-_White_Album_-_White_Ice	1
interesting	ADJ	4	04x19_-_White_Album_-_White_Ice	1
internal	ADJ	5	04x19_-_White_Album_-_White_Ice	9
least	ADJ	3	04x19_-_White_Album_-_White_Ice	1
long	ADJ	12	04x19_-_White_Album_-_White_Ice	1
low	ADJ	16	04x19_-_White_Album_-_White_Ice	5
lucky	ADJ	3	04x19_-_White_Album_-_White_Ice	1
lukewarm	ADJ	2	04x19_-_White_Album_-_White_Ice	1
main	ADJ	5	04x19_-_White_Album_-_White_Ice	24
more	ADJ	5	04x19_-_White_Album_-_White_Ice	7
much	ADJ	7	04x19_-_White_Album_-_White_Ice	2
next	ADJ	4	04x19_-_White_Album_-_White_Ice	2
normal	ADJ	5	04x19_-_White_Album_-_White_Ice	1
odd	ADJ	6	04x19_-_White_Album_-_White_Ice	1
only	ADJ	9	04x19_-_White_Album_-_White_Ice	3
optimistic	ADJ	2	04x19_-_White_Album_-_White_Ice	1
other	ADJ	4	04x19_-_White_Album_-_White_Ice	1
own	ADJ	2	04x19_-_White_Album_-_White_Ice	2
perfect	ADJ	5	04x19_-_White_Album_-_White_Ice	2
pointless	ADJ	2	04x19_-_White_Album_-_White_Ice	1
possible	ADJ	4	04x19_-_White_Album_-_White_Ice	1
reckless	ADJ	2	04x19_-_White_Album_-_White_Ice	1
right	ADJ	36	04x19_-_White_Album_-_White_Ice	3
same	ADJ	6	04x19_-_White_Album_-_White_Ice	1
shallow	ADJ	6	04x19_-_White_Album_-_White_Ice	1
short	ADJ	23	04x19_-_White_Album_-_White_Ice	4
skilled	ADJ	1	04x19_-_White_Album_-_White_Ice	1
solid	ADJ	18	04x19_-_White_Album_-_White_Ice	1
strong	ADJ	10	04x19_-_White_Album_-_White_Ice	1
sure	ADJ	10	04x19_-_White_Album_-_White_Ice	3
true	ADJ	15	04x19_-_White_Album_-_White_Ice	1
unknown	ADJ	8	04x19_-_White_Album_-_White_Ice	1
useless	ADJ	1	04x19_-_White_Album_-_White_Ice	5
weak	ADJ	12	04x19_-_White_Album_-_White_Ice	1
well	ADJ	22	04x19_-_White_Album_-_White_Ice	1
willing	ADJ	6	04x19_-_White_Album_-_White_Ice	1
worried	ADJ	8	04x19_-_White_Album_-_White_Ice	1
wrong	ADJ	13	04x19_-_White_Album_-_White_Ice	1
young	ADJ	14	04x19_-_White_Album_-_White_Ice	1
-	ADJ	0	04x10_-_Hitman_Team	1
"\pos(,)\shad\c&hedefef&}""punishment"	ADJ	0	04x10_-_Hitman_Team	1
able	ADJ	4	04x10_-_Hitman_Team	4
about	ADJ	8	04x10_-_Hitman_Team	1
bad	ADJ	17	04x10_-_Hitman_Team	2
big	ADJ	17	04x10_-_Hitman_Team	2
cheap	ADJ	4	04x10_-_Hitman_Team	2
clean	ADJ	31	04x10_-_Hitman_Team	1
close	ADJ	37	04x10_-_Hitman_Team	3
cold	ADJ	16	04x10_-_Hitman_Team	1
crazy	ADJ	6	04x10_-_Hitman_Team	1
creepy	ADJ	2	04x10_-_Hitman_Team	1
damn	ADJ	5	04x10_-_Hitman_Team	2
dead	ADJ	21	04x10_-_Hitman_Team	1
dear	ADJ	8	04x10_-_Hitman_Team	2
delicious	ADJ	3	04x10_-_Hitman_Team	1
enough	ADJ	3	04x10_-_Hitman_Team	1
fair	ADJ	17	04x10_-_Hitman_Team	1
few	ADJ	2	04x10_-_Hitman_Team	3
fine	ADJ	10	04x10_-_Hitman_Team	1
flashbackinternal	ADJ	0	04x10_-_Hitman_Team	1
glad	ADJ	5	04x10_-_Hitman_Team	1
good	ADJ	27	04x10_-_Hitman_Team	3
hard	ADJ	22	04x10_-_Hitman_Team	1
harmless	ADJ	1	04x10_-_Hitman_Team	1
heavy	ADJ	30	04x10_-_Hitman_Team	1
hooky	ADJ	1	04x10_-_Hitman_Team	1
huge	ADJ	1	04x10_-_Hitman_Team	1
impossible	ADJ	4	04x10_-_Hitman_Team	1
intense	ADJ	3	04x10_-_Hitman_Team	1
internal	ADJ	5	04x10_-_Hitman_Team	10
lamer	ADJ	2	04x10_-_Hitman_Team	1
last	ADJ	21	04x10_-_Hitman_Team	1
late	ADJ	11	04x10_-_Hitman_Team	1
least	ADJ	3	04x10_-_Hitman_Team	2
li'l	ADJ	0	04x10_-_Hitman_Team	1
light	ADJ	47	04x10_-_Hitman_Team	1
little	ADJ	10	04x10_-_Hitman_Team	5
long	ADJ	12	04x10_-_Hitman_Team	1
loud	ADJ	4	04x10_-_Hitman_Team	1
main	ADJ	5	04x10_-_Hitman_Team	12
many	ADJ	1	04x10_-_Hitman_Team	1
modern	ADJ	7	04x10_-_Hitman_Team	1
more	ADJ	5	04x10_-_Hitman_Team	4
much	ADJ	7	04x10_-_Hitman_Team	1
new	ADJ	12	04x10_-_Hitman_Team	1
next	ADJ	4	04x10_-_Hitman_Team	1
normal	ADJ	5	04x10_-_Hitman_Team	2
okay	ADJ	4	04x10_-_Hitman_Team	2
only	ADJ	9	04x10_-_Hitman_Team	1
other	ADJ	4	04x10_-_Hitman_Team	2
own	ADJ	2	04x10_-_Hitman_Team	2
perfect	ADJ	5	04x10_-_Hitman_Team	2
possible	ADJ	4	04x10_-_Hitman_Team	3
powerless	ADJ	1	04x10_-_Hitman_Team	1
rich	ADJ	13	04x10_-_Hitman_Team	1
right	ADJ	36	04x10_-_Hitman_Team	3
same	ADJ	6	04x10_-_Hitman_Team	8
serious	ADJ	6	04x10_-_Hitman_Team	2
sharp	ADJ	15	04x10_-_Hitman_Team	1
silent	ADJ	6	04x10_-_Hitman_Team	1
small	ADJ	13	04x10_-_Hitman_Team	5
smart	ADJ	9	04x10_-_Hitman_Team	1
strange	ADJ	3	04x10_-_Hitman_Team	1
stupid	ADJ	4	04x10_-_Hitman_Team	1
sure	ADJ	10	04x10_-_Hitman_Team	4
thirsty	ADJ	4	04x10_-_Hitman_Team	1
tiny	ADJ	1	04x10_-_Hitman_Team	4
tired	ADJ	6	04x10_-_Hitman_Team	1
underwater	ADJ	2	04x10_-_Hitman_Team	1
useless	ADJ	1	04x10_-_Hitman_Team	4
usual	ADJ	2	04x10_-_Hitman_Team	1
various	ADJ	4	04x10_-_Hitman_Team	1
weird	ADJ	3	04x10_-_Hitman_Team	2
whole	ADJ	8	04x10_-_Hitman_Team	2
wonderful	ADJ	1	04x10_-_Hitman_Team	1
worried	ADJ	8	04x10_-_Hitman_Team	1
worth	ADJ	5	04x10_-_Hitman_Team	1
wrong	ADJ	13	04x10_-_Hitman_Team	1
-	ADJ	0	04x33_-_His_Name_Is_Diavolo	1
\c&h&\c&hcc&}rumble	ADJ	0	04x33_-_His_Name_Is_Diavolo	1
a*s	ADJ	0	04x33_-_His_Name_Is_Diavolo	1
able	ADJ	4	04x33_-_His_Name_Is_Diavolo	4
bad	ADJ	17	04x33_-_His_Name_Is_Diavolo	2
big	ADJ	17	04x33_-_His_Name_Is_Diavolo	1
bizarre	ADJ	1	04x33_-_His_Name_Is_Diavolo	1
careful	ADJ	5	04x33_-_His_Name_Is_Diavolo	1
certain	ADJ	7	04x33_-_His_Name_Is_Diavolo	1
close	ADJ	37	04x33_-_His_Name_Is_Diavolo	4
cold	ADJ	16	04x33_-_His_Name_Is_Diavolo	1
complete	ADJ	10	04x33_-_His_Name_Is_Diavolo	2
dark	ADJ	16	04x33_-_His_Name_Is_Diavolo	1
efficient	ADJ	2	04x33_-_His_Name_Is_Diavolo	1
enough	ADJ	3	04x33_-_His_Name_Is_Diavolo	4
excellent	ADJ	1	04x33_-_His_Name_Is_Diavolo	1
few	ADJ	2	04x33_-_His_Name_Is_Diavolo	2
fine	ADJ	10	04x33_-_His_Name_Is_Diavolo	1
first	ADJ	16	04x33_-_His_Name_Is_Diavolo	2
friggin	ADJ	0	04x33_-_His_Name_Is_Diavolo	1
good	ADJ	27	04x33_-_His_Name_Is_Diavolo	1
great	ADJ	7	04x33_-_His_Name_Is_Diavolo	2
handsome	ADJ	2	04x33_-_His_Name_Is_Diavolo	1
hard	ADJ	22	04x33_-_His_Name_Is_Diavolo	1
horrible	ADJ	1	04x33_-_His_Name_Is_Diavolo	1
important	ADJ	5	04x33_-_His_Name_Is_Diavolo	1
impossible	ADJ	4	04x33_-_His_Name_Is_Diavolo	2
incredible	ADJ	1	04x33_-_His_Name_Is_Diavolo	1
internal	ADJ	5	04x33_-_His_Name_Is_Diavolo	18
last	ADJ	21	04x33_-_His_Name_Is_Diavolo	1
little	ADJ	10	04x33_-_His_Name_Is_Diavolo	1
long	ADJ	12	04x33_-_His_Name_Is_Diavolo	1
main	ADJ	5	04x33_-_His_Name_Is_Diavolo	29
many	ADJ	1	04x33_-_His_Name_Is_Diavolo	1
mental	ADJ	5	04x33_-_His_Name_Is_Diavolo	1
more	ADJ	5	04x33_-_His_Name_Is_Diavolo	2
much	ADJ	7	04x33_-_His_Name_Is_Diavolo	1
murderous	ADJ	1	04x33_-_His_Name_Is_Diavolo	1
mysterious	ADJ	2	04x33_-_His_Name_Is_Diavolo	1
new	ADJ	12	04x33_-_His_Name_Is_Diavolo	1
next	ADJ	4	04x33_-_His_Name_Is_Diavolo	1
okay	ADJ	4	04x33_-_His_Name_Is_Diavolo	1
old	ADJ	9	04x33_-_His_Name_Is_Diavolo	3
ominous	ADJ	2	04x33_-_His_Name_Is_Diavolo	1
other	ADJ	4	04x33_-_His_Name_Is_Diavolo	4
presumptuous	ADJ	1	04x33_-_His_Name_Is_Diavolo	1
ready	ADJ	8	04x33_-_His_Name_Is_Diavolo	1
right	ADJ	36	04x33_-_His_Name_Is_Diavolo	4
safe	ADJ	7	04x33_-_His_Name_Is_Diavolo	2
same	ADJ	6	04x33_-_His_Name_Is_Diavolo	1
second	ADJ	15	04x33_-_His_Name_Is_Diavolo	1
selfish	ADJ	1	04x33_-_His_Name_Is_Diavolo	1
similar	ADJ	5	04x33_-_His_Name_Is_Diavolo	1
sinister	ADJ	3	04x33_-_His_Name_Is_Diavolo	1
slight	ADJ	5	04x33_-_His_Name_Is_Diavolo	1
small	ADJ	13	04x33_-_His_Name_Is_Diavolo	1
sorry	ADJ	4	04x33_-_His_Name_Is_Diavolo	1
strange	ADJ	3	04x33_-_His_Name_Is_Diavolo	1
stupid	ADJ	4	04x33_-_His_Name_Is_Diavolo	1
sure	ADJ	10	04x33_-_His_Name_Is_Diavolo	2
surefire	ADJ	0	04x33_-_His_Name_Is_Diavolo	1
surprising	ADJ	4	04x33_-_His_Name_Is_Diavolo	1
tired	ADJ	6	04x33_-_His_Name_Is_Diavolo	1
trusted	ADJ	7	04x33_-_His_Name_Is_Diavolo	1
unusual	ADJ	3	04x33_-_His_Name_Is_Diavolo	1
useful	ADJ	2	04x33_-_His_Name_Is_Diavolo	1
victorious	ADJ	2	04x33_-_His_Name_Is_Diavolo	1
weak	ADJ	12	04x33_-_His_Name_Is_Diavolo	1
wrong	ADJ	13	04x33_-_His_Name_Is_Diavolo	2
young	ADJ	14	04x33_-_His_Name_Is_Diavolo	3
able	ADJ	4	04x24_-_Notorious_B_I_G_-_Notorious_Chase	3
alive	ADJ	7	04x24_-_Notorious_B_I_G_-_Notorious_Chase	2
bad	ADJ	17	04x24_-_Notorious_B_I_G_-_Notorious_Chase	2
beautiful	ADJ	2	04x24_-_Notorious_B_I_G_-_Notorious_Chase	1
big	ADJ	17	04x24_-_Notorious_B_I_G_-_Notorious_Chase	1
careful	ADJ	5	04x24_-_Notorious_B_I_G_-_Notorious_Chase	1
cautious	ADJ	3	04x24_-_Notorious_B_I_G_-_Notorious_Chase	1
close	ADJ	37	04x24_-_Notorious_B_I_G_-_Notorious_Chase	3
coastal	ADJ	2	04x24_-_Notorious_B_I_G_-_Notorious_Chase	1
dangerous	ADJ	2	04x24_-_Notorious_B_I_G_-_Notorious_Chase	1
dead	ADJ	21	04x24_-_Notorious_B_I_G_-_Notorious_Chase	4
detailed	ADJ	3	04x24_-_Notorious_B_I_G_-_Notorious_Chase	1
different	ADJ	5	04x24_-_Notorious_B_I_G_-_Notorious_Chase	1
emerald	ADJ	3	04x24_-_Notorious_B_I_G_-_Notorious_Chase	1
fast	ADJ	15	04x24_-_Notorious_B_I_G_-_Notorious_Chase	4
few	ADJ	2	04x24_-_Notorious_B_I_G_-_Notorious_Chase	1
former	ADJ	5	04x24_-_Notorious_B_I_G_-_Notorious_Chase	2
fresh	ADJ	13	04x24_-_Notorious_B_I_G_-_Notorious_Chase	1
funny	ADJ	5	04x24_-_Notorious_B_I_G_-_Notorious_Chase	1
good	ADJ	27	04x24_-_Notorious_B_I_G_-_Notorious_Chase	2
hard	ADJ	22	04x24_-_Notorious_B_I_G_-_Notorious_Chase	1
hey	ADJ	0	04x24_-_Notorious_B_I_G_-_Notorious_Chase	1
impossible	ADJ	4	04x24_-_Notorious_B_I_G_-_Notorious_Chase	2
internal	ADJ	5	04x24_-_Notorious_B_I_G_-_Notorious_Chase	5
last	ADJ	21	04x24_-_Notorious_B_I_G_-_Notorious_Chase	1
left	ADJ	24	04x24_-_Notorious_B_I_G_-_Notorious_Chase	4
little	ADJ	10	04x24_-_Notorious_B_I_G_-_Notorious_Chase	1
main	ADJ	5	04x24_-_Notorious_B_I_G_-_Notorious_Chase	27
more	ADJ	5	04x24_-_Notorious_B_I_G_-_Notorious_Chase	3
most	ADJ	5	04x24_-_Notorious_B_I_G_-_Notorious_Chase	1
naïve	ADJ	0	04x24_-_Notorious_B_I_G_-_Notorious_Chase	1
new	ADJ	12	04x24_-_Notorious_B_I_G_-_Notorious_Chase	1
only	ADJ	9	04x24_-_Notorious_B_I_G_-_Notorious_Chase	2
open	ADJ	36	04x24_-_Notorious_B_I_G_-_Notorious_Chase	1
opposite	ADJ	11	04x24_-_Notorious_B_I_G_-_Notorious_Chase	1
ordinary	ADJ	7	04x24_-_Notorious_B_I_G_-_Notorious_Chase	2
outside	ADJ	14	04x24_-_Notorious_B_I_G_-_Notorious_Chase	1
own	ADJ	2	04x24_-_Notorious_B_I_G_-_Notorious_Chase	1
possible	ADJ	4	04x24_-_Notorious_B_I_G_-_Notorious_Chase	2
ready	ADJ	8	04x24_-_Notorious_B_I_G_-_Notorious_Chase	1
relative	ADJ	4	04x24_-_Notorious_B_I_G_-_Notorious_Chase	1
rich	ADJ	13	04x24_-_Notorious_B_I_G_-_Notorious_Chase	1
right	ADJ	36	04x24_-_Notorious_B_I_G_-_Notorious_Chase	6
same	ADJ	6	04x24_-_Notorious_B_I_G_-_Notorious_Chase	1
sardinian	ADJ	3	04x24_-_Notorious_B_I_G_-_Notorious_Chase	1
second	ADJ	15	04x24_-_Notorious_B_I_G_-_Notorious_Chase	1
sensitive	ADJ	6	04x24_-_Notorious_B_I_G_-_Notorious_Chase	1
simple	ADJ	9	04x24_-_Notorious_B_I_G_-_Notorious_Chase	1
slow	ADJ	11	04x24_-_Notorious_B_I_G_-_Notorious_Chase	1
sound	ADJ	24	04x24_-_Notorious_B_I_G_-_Notorious_Chase	1
sudden	ADJ	1	04x24_-_Notorious_B_I_G_-_Notorious_Chase	1
sure	ADJ	10	04x24_-_Notorious_B_I_G_-_Notorious_Chase	5
true	ADJ	15	04x24_-_Notorious_B_I_G_-_Notorious_Chase	2
unthinkable	ADJ	1	04x24_-_Notorious_B_I_G_-_Notorious_Chase	1
useless	ADJ	1	04x24_-_Notorious_B_I_G_-_Notorious_Chase	10
weak	ADJ	12	04x24_-_Notorious_B_I_G_-_Notorious_Chase	1
weird	ADJ	3	04x24_-_Notorious_B_I_G_-_Notorious_Chase	2
wet	ADJ	9	04x24_-_Notorious_B_I_G_-_Notorious_Chase	1
wrong	ADJ	13	04x24_-_Notorious_B_I_G_-_Notorious_Chase	2
young	ADJ	14	04x24_-_Notorious_B_I_G_-_Notorious_Chase	1
